filename,width,height,class,xmin,ymin,xmax,ymax
digital-license-plates_jpg.rf.a822488c9e104022384677ec30ef4dc4.jpg,640,640,license-plate,217,241,384,415
digital-license-plates_jpg.rf.a822488c9e104022384677ec30ef4dc4.jpg,640,640,license-plate-number,236,283,363,378
m2qjy4ekz3ga1_jpg.rf.a1fef0c0f369cc2cebe12162a61370d6.jpg,640,640,license-plate,245,279,353,351
m2qjy4ekz3ga1_jpg.rf.a1fef0c0f369cc2cebe12162a61370d6.jpg,640,640,license-plate-number,264,300,331,333
curses-how-one-state-keeps-vanity-license-plates-family-friendly-feature-car-and-driver-photo-469028-s-original_jpg.rf.9ffe6c251adc67175b61d866299202c9.jpg,640,640,license-plate,16,58,622,567
curses-how-one-state-keeps-vanity-license-plates-family-friendly-feature-car-and-driver-photo-469028-s-original_jpg.rf.9ffe6c251adc67175b61d866299202c9.jpg,640,640,license-plate-number,53,208,571,435
digital-license-plates_jpg.rf.ac6fb6fec2f0afe95a6d43329d3b2cdb.jpg,640,640,license-plate,261,241,389,407
digital-license-plates_jpg.rf.ac6fb6fec2f0afe95a6d43329d3b2cdb.jpg,640,640,license-plate,292,268,352,383
ca2013ham_jpg.rf.af1e2b5d3e130a100aa831b86d5e5c28.jpg,640,640,license-plate,3,2,637,640
ca2013ham_jpg.rf.af1e2b5d3e130a100aa831b86d5e5c28.jpg,640,640,license-plate-number,105,120,392,518
51o11j5480na1_jpg.rf.a634b982410ad83c196176a5bdf5d5e8.jpg,640,640,license-plate,291,199,361,246
51o11j5480na1_jpg.rf.a634b982410ad83c196176a5bdf5d5e8.jpg,640,640,license-plate-number,296,212,356,234
9g9vn1b40nia1_jpg.rf.a10576e59e1d3f0b3bb804442f6d19aa.jpg,640,640,license-plate,140,109,415,366
9g9vn1b40nia1_jpg.rf.a10576e59e1d3f0b3bb804442f6d19aa.jpg,640,640,license-plate-number,216,193,355,315
images-4-_jpeg_jpg.rf.a24b24836815fd187167a80275718e86.jpg,640,640,license-plate,1,3,637,637
images-4-_jpeg_jpg.rf.a24b24836815fd187167a80275718e86.jpg,640,640,license-plate-number,94,21,545,599
download_jpeg_jpg.rf.acdba568b30da610a06ee142d38c93dc.jpg,640,640,license-plate,1,0,640,640
download_jpeg_jpg.rf.acdba568b30da610a06ee142d38c93dc.jpg,640,640,license-plate-number,41,198,633,576
hk2ek1f8rjca1_jpg.rf.ae0e788ab61d410a68433f769d5ad5e1.jpg,640,640,license-plate,213,389,430,504
hk2ek1f8rjca1_jpg.rf.ae0e788ab61d410a68433f769d5ad5e1.jpg,640,640,license-plate-number,230,416,419,474
AEhiGiHQyHb5ywHMufVfafn7M508v_8Yfnsy_c_F9vo_jpg.rf.adaf6542bd0e6384b12378eb4ceea116.jpg,640,640,license-plate,286,307,363,364
AEhiGiHQyHb5ywHMufVfafn7M508v_8Yfnsy_c_F9vo_jpg.rf.adaf6542bd0e6384b12378eb4ceea116.jpg,640,640,license-plate-number,294,326,357,349
k1g3b7tc8vna1_jpg.rf.b049fa192dd5d56a7dd1fa02e2004490.jpg,640,640,license-plate,199,315,323,408
k1g3b7tc8vna1_jpg.rf.b049fa192dd5d56a7dd1fa02e2004490.jpg,640,640,license-plate-number,205,345,315,396
x95jva8vsfha1_jpg.rf.ac3e06f83052fe654183d210dfe08c4f.jpg,640,640,license-plate,382,350,457,423
x95jva8vsfha1_jpg.rf.ac3e06f83052fe654183d210dfe08c4f.jpg,640,640,license-plate-number,389,372,452,413
9g6i438tozna1_jpg.rf.b30eacd952e9e991219bf291ed8d5ba3.jpg,640,640,license-plate,287,340,370,398
9g6i438tozna1_jpg.rf.b30eacd952e9e991219bf291ed8d5ba3.jpg,640,640,license-plate-number,290,355,366,384
images-6-_jpeg_jpg.rf.abfc35bc3db1f27a1874f5d2150d9392.jpg,640,640,license-plate,9,7,629,628
images-6-_jpeg_jpg.rf.abfc35bc3db1f27a1874f5d2150d9392.jpg,640,640,license-plate-number,39,238,598,530
bz9ibjt8ueia1_jpg.rf.a117b81f954c1961f79910cf0e15ba43.jpg,640,640,license-plate,21,411,148,481
bz9ibjt8ueia1_jpg.rf.a117b81f954c1961f79910cf0e15ba43.jpg,640,640,license-plate-number,48,427,143,461
nicholas-berlette-mOaid5xqvJ0-unsplash_jpg.rf.b3b7d78183486af8de36cfdd14785863.jpg,640,640,license-plate,270,346,369,434
nicholas-berlette-mOaid5xqvJ0-unsplash_jpg.rf.b3b7d78183486af8de36cfdd14785863.jpg,640,640,license-plate-number,276,372,363,415
7c31c5da8af3deda98b060646ed8608d_jpg.rf.ac37aa86227c6668dbc0cd06bc18a84b.jpg,640,640,license-plate,3,5,640,639
7c31c5da8af3deda98b060646ed8608d_jpg.rf.ac37aa86227c6668dbc0cd06bc18a84b.jpg,640,640,license-plate-number,36,235,609,540
9rwm68xu3yea1_jpg.rf.a60994e20e37b409ea9bb03739c5e31d.jpg,640,640,license-plate,196,191,407,371
9rwm68xu3yea1_jpg.rf.a60994e20e37b409ea9bb03739c5e31d.jpg,640,640,license-plate-number,215,235,385,328
images-4-_jpeg_jpg.rf.a1452704c1ecf435a9ef0cb57a50b67f.jpg,640,640,license-plate,2,3,640,639
images-4-_jpeg_jpg.rf.a1452704c1ecf435a9ef0cb57a50b67f.jpg,640,640,license-plate-number,113,40,512,579
azmh6nw3dnoa1_jpg.rf.a45d03835b8c98d9600c0f8851931752.jpg,640,640,license-plate,298,263,423,342
azmh6nw3dnoa1_jpg.rf.a45d03835b8c98d9600c0f8851931752.jpg,640,640,license-plate-number,314,286,410,326
images-1-_jpeg_jpg.rf.b560a62dd9cc9ba9e0550ef1e28a4b85.jpg,640,640,license-plate,3,13,640,620
images-1-_jpeg_jpg.rf.b560a62dd9cc9ba9e0550ef1e28a4b85.jpg,640,640,license-plate-number,78,202,588,528
8p0bc3skp0aa1_jpg.rf.af9f6d300d7adf220ae07166510b432b.jpg,640,640,license-plate,172,221,521,471
8p0bc3skp0aa1_jpg.rf.af9f6d300d7adf220ae07166510b432b.jpg,640,640,license-plate-number,205,291,487,409
luke-schobert-xXdjhe0tejY-unsplash_jpg.rf.b5939b392f84e975b5ae2072d62c254c.jpg,640,640,license-plate,267,371,376,412
luke-schobert-xXdjhe0tejY-unsplash_jpg.rf.b5939b392f84e975b5ae2072d62c254c.jpg,640,640,license-plate-number,297,384,368,402
sean-stratton-yttMVKZqllo-unsplash_jpg.rf.aa8ee5d22316e398f928e3eba20fa65e.jpg,640,640,license-plate,276,440,378,508
sean-stratton-yttMVKZqllo-unsplash_jpg.rf.aa8ee5d22316e398f928e3eba20fa65e.jpg,640,640,license-plate-number,280,455,373,489
digital-license-plates_jpg.rf.b7086cd0f62eb12c3270ebb469dcd0f6.jpg,640,640,license-plate,243,256,405,390
digital-license-plates_jpg.rf.b7086cd0f62eb12c3270ebb469dcd0f6.jpg,640,640,license-plate-number,268,289,389,355
electronic-plates-reviver-02_jpg.rf.b65bb49698063228e0504fe724ac8335.jpg,640,640,license-plate,163,203,468,627
electronic-plates-reviver-02_jpg.rf.b65bb49698063228e0504fe724ac8335.jpg,640,640,license-plate-number,227,294,419,541
3bbovepfz2la1_jpg.rf.be3b41fc0d085602d9afeb5e68617249.jpg,640,640,license-plate,348,198,426,241
hpyu1i6ky8fa1_jpg.rf.ba5fb2c30019c6e2e65e8eefef1ed7e9.jpg,640,640,license-plate,247,298,336,344
hpyu1i6ky8fa1_jpg.rf.ba5fb2c30019c6e2e65e8eefef1ed7e9.jpg,640,640,license-plate-number,258,310,327,331
lemvtfhtxtoa1_jpg.rf.b789c3bd70cc6d3581ae0d934d13e08f.jpg,640,640,license-plate,316,155,460,269
lemvtfhtxtoa1_jpg.rf.b789c3bd70cc6d3581ae0d934d13e08f.jpg,640,640,license-plate-number,330,182,448,241
mwdvk4c47uda1_jpg.rf.bd423346a76ce1a78753bc2a4710cd50.jpg,640,640,license-plate,23,177,265,365
mwdvk4c47uda1_jpg.rf.bd423346a76ce1a78753bc2a4710cd50.jpg,640,640,license-plate-number,79,223,210,320
ca2013ham_jpg.rf.c03d7476aee0e8b51ea4d4001d12ba56.jpg,640,640,license-plate,1,2,637,638
ca2013ham_jpg.rf.c03d7476aee0e8b51ea4d4001d12ba56.jpg,640,640,license-plate-number,23,200,522,605
Electronic-license-plates_jpeg_jpg.rf.b76a168f1eff932969a867177ca7e8ea.jpg,640,640,license-plate,57,65,640,640
Electronic-license-plates_jpeg_jpg.rf.b76a168f1eff932969a867177ca7e8ea.jpg,640,640,license-plate-number,102,191,536,595
1998_California_license_plate_4BJW994_jpeg_jpg.rf.c1e3deab50ef99f45dff4f1913afe005.jpg,640,640,license-plate,170,166,402,457
1998_California_license_plate_4BJW994_jpeg_jpg.rf.c1e3deab50ef99f45dff4f1913afe005.jpg,640,640,license-plate-number,202,187,326,436
Bjornson_jpg.rf.c289b1798a3fd6c50dd7c42741f6e009.jpg,640,640,license-plate,22,87,590,548
Bjornson_jpg.rf.c289b1798a3fd6c50dd7c42741f6e009.jpg,640,640,license-plate-number,178,234,561,438
ca2020natty2_jpg.rf.c2962c156b25b277dc0c59ac5c857779.jpg,640,640,license-plate,2,3,639,639
ca2020natty2_jpg.rf.c2962c156b25b277dc0c59ac5c857779.jpg,640,640,license-plate-number,42,248,603,541
b-yRIwkM0VqCfp1-xVypTfqD8aOnDn0OIybZalLFrjY_jpg.rf.c335a9697b01d70bbc9beada4368906a.jpg,640,640,license-plate,170,323,239,395
b-yRIwkM0VqCfp1-xVypTfqD8aOnDn0OIybZalLFrjY_jpg.rf.c335a9697b01d70bbc9beada4368906a.jpg,640,640,license-plate-number,177,335,231,379
cuwpuuf8gzoa1_jpg.rf.c44aec0a9920f49eb0516bb04ab82941.jpg,640,640,license-plate,347,377,419,436
cuwpuuf8gzoa1_jpg.rf.c44aec0a9920f49eb0516bb04ab82941.jpg,640,640,license-plate-number,351,396,416,426
1998_California_license_plate_4BJW994_jpg.rf.c398734a9d6dd650a924ea64dd51ecc0.jpg,640,640,license-plate,5,2,636,637
1998_California_license_plate_4BJW994_jpg.rf.c398734a9d6dd650a924ea64dd51ecc0.jpg,640,640,license-plate-number,47,228,597,536
yuvraj-singh-v82k2f8aj5o-unsplash_jpg.rf.c4f2677a2448091898b5bd66d57621f9.jpg,640,640,license-plate,430,437,595,527
yuvraj-singh-v82k2f8aj5o-unsplash_jpg.rf.c4f2677a2448091898b5bd66d57621f9.jpg,640,640,license-plate-number,447,458,577,510
apk5vt2kruja1_jpg.rf.c6fd0b2af48b38a8856b5785c77e79f2.jpg,640,640,license-plate,210,448,421,555
apk5vt2kruja1_jpg.rf.c6fd0b2af48b38a8856b5785c77e79f2.jpg,640,640,license-plate-number,227,483,408,533
b9qxp3qy22oa1_jpg.rf.c57e875ca5c5d07d924ba8017c5361d9.jpg,640,640,license-plate,288,275,400,343
b9qxp3qy22oa1_jpg.rf.c57e875ca5c5d07d924ba8017c5361d9.jpg,640,640,license-plate-number,302,295,390,327
34l5ua6ptufa1_jpg.rf.c8a729943182dd9f0975dcad05c23ed9.jpg,640,640,license-plate,266,198,383,283
34l5ua6ptufa1_jpg.rf.c8a729943182dd9f0975dcad05c23ed9.jpg,640,640,license-plate-number,271,222,377,264
ozim4711k5da1_jpg.rf.c4acfec272b9930af6c0f6294d668f90.jpg,640,640,license-plate,252,420,355,482
ozim4711k5da1_jpg.rf.c4acfec272b9930af6c0f6294d668f90.jpg,640,640,license-plate-number,259,438,347,470
images-6-_jpeg_jpg.rf.ca0cbe8a404379298fd416a24e7114c3.jpg,640,640,license-plate,3,1,640,640
images-6-_jpeg_jpg.rf.ca0cbe8a404379298fd416a24e7114c3.jpg,640,640,license-plate-number,1,213,605,595
california26_jpg.rf.caeef6abe6dd5080b45da8a976a4332e.jpg,640,640,license-plate,221,126,502,486
california26_jpg.rf.caeef6abe6dd5080b45da8a976a4332e.jpg,640,640,license-plate-number,267,152,408,452
6tojxy6qmeka1_jpg.rf.c5614fab43eb0cb043962305a5687ffd.jpg,640,640,license-plate,264,316,379,376
6tojxy6qmeka1_jpg.rf.c5614fab43eb0cb043962305a5687ffd.jpg,640,640,license-plate-number,296,332,349,361
edgar-UHYMx5giv7Y-unsplash_jpg.rf.cb2a5373f4ee3f197f23aa58ebd8f253.jpg,640,640,license-plate,264,434,359,506
edgar-UHYMx5giv7Y-unsplash_jpg.rf.cb2a5373f4ee3f197f23aa58ebd8f253.jpg,640,640,license-plate-number,268,450,355,489
california36_jpg.rf.cb82d3ced3a6516fc2b79fbeea52e35d.jpg,640,640,license-plate-number,246,131,433,485
california36_jpg.rf.cb82d3ced3a6516fc2b79fbeea52e35d.jpg,640,640,license-plate,175,103,552,520
dsc01687-1665241947_jpg.rf.cb41aca8ebb382561bf667e24b03a0dd.jpg,640,640,license-plate,307,123,491,377
dsc01687-1665241947_jpg.rf.cb41aca8ebb382561bf667e24b03a0dd.jpg,640,640,license-plate-number,355,171,445,332
images-6-_jpeg_jpg.rf.c80fa2712ec7e7b28b8c4f40de30becd.jpg,640,640,license-plate,3,3,640,640
images-6-_jpeg_jpg.rf.c80fa2712ec7e7b28b8c4f40de30becd.jpg,640,640,license-plate-number,17,232,610,537
658914_jpg.rf.cb723666054eef5c4e1b63e5ee201942.jpg,640,640,license-plate,72,234,495,547
658914_jpg.rf.cb723666054eef5c4e1b63e5ee201942.jpg,640,640,license-plate-number,175,337,457,477
california36_jpg.rf.ccb622f125f5313f56dc10d4e1871a5a.jpg,640,640,license-plate-number,225,147,382,466
california36_jpg.rf.ccb622f125f5313f56dc10d4e1871a5a.jpg,640,640,license-plate,111,119,455,503
ryan-spence-HBq0jyzuQ_Y-unsplash_jpg.rf.cd6c3868a810d164edb9c24f2b1ab2ed.jpg,640,640,license-plate,263,341,490,442
ryan-spence-HBq0jyzuQ_Y-unsplash_jpg.rf.cd6c3868a810d164edb9c24f2b1ab2ed.jpg,640,640,license-plate-number,304,372,446,424
7c31c5da8af3deda98b060646ed8608d_jpg.rf.cd42cb9d8f9005f0b021c05322a5a570.jpg,640,640,license-plate,1,2,638,638
7c31c5da8af3deda98b060646ed8608d_jpg.rf.cd42cb9d8f9005f0b021c05322a5a570.jpg,640,640,license-plate-number,243,36,542,602
ca-hiker-california-hiker-personalized-license-plate-on-a-honda-accord-BGFY3R_jpg.rf.ccfe3e6687247c523ceec504475314d0.jpg,640,640,license-plate,258,182,399,281
ca-hiker-california-hiker-personalized-license-plate-on-a-honda-accord-BGFY3R_jpg.rf.ccfe3e6687247c523ceec504475314d0.jpg,640,640,license-plate-number,263,214,393,267
dsc01687-1665241947_jpg.rf.d0be30c65c4b84c62d0fbfe1792d8f9d.jpg,640,640,license-plate,211,284,346,508
dsc01687-1665241947_jpg.rf.d0be30c65c4b84c62d0fbfe1792d8f9d.jpg,640,640,license-plate-number,248,322,308,468
bthmv8kw7oda1_jpg.rf.cdea4c6a254ce126b939d2b43d500a05.jpg,640,640,license-plate,314,353,419,428
bthmv8kw7oda1_jpg.rf.cdea4c6a254ce126b939d2b43d500a05.jpg,640,640,license-plate-number,325,372,414,411
curses-how-one-state-keeps-vanity-license-plates-family-friendly-feature-car-and-driver-photo-469028-s-original_jpg.rf.cbc8b973fca45c31a0db77451940678d.jpg,640,640,license-plate,1,3,640,638
curses-how-one-state-keeps-vanity-license-plates-family-friendly-feature-car-and-driver-photo-469028-s-original_jpg.rf.cbc8b973fca45c31a0db77451940678d.jpg,640,640,license-plate-number,18,152,615,475
curses-how-one-state-keeps-vanity-license-plates-family-friendly-feature-car-and-driver-photo-469028-s-original_jpg.rf.ce0f72f320cbfb59b771a733dbf1c17c.jpg,640,640,license-plate,3,2,637,639
curses-how-one-state-keeps-vanity-license-plates-family-friendly-feature-car-and-driver-photo-469028-s-original_jpg.rf.ce0f72f320cbfb59b771a733dbf1c17c.jpg,640,640,license-plate-number,116,7,516,622
images_jpeg_jpg.rf.d11c019ac337661af1391d145a3416cc.jpg,640,640,license-plate,0,3,640,636
images_jpeg_jpg.rf.d11c019ac337661af1391d145a3416cc.jpg,640,640,license-plate-number,0,211,639,606
1998_California_license_plate_4BJW994_jpeg_jpg.rf.d4270746cb1ffbd303af79b5c7cf7de2.jpg,640,640,license-plate,183,241,472,497
1998_California_license_plate_4BJW994_jpeg_jpg.rf.d4270746cb1ffbd303af79b5c7cf7de2.jpg,640,640,license-plate-number,204,318,454,440
b77sey1ok0la1_jpg.rf.d1977a618e2756fabc27181db6241ff7.jpg,640,640,license-plate,268,270,386,357
b77sey1ok0la1_jpg.rf.d1977a618e2756fabc27181db6241ff7.jpg,640,640,license-plate-number,283,297,371,332
images-5-_jpeg_jpg.rf.d19175e89af1693dbba574acd7c8a85f.jpg,640,640,license-plate,2,3,637,638
images-5-_jpeg_jpg.rf.d19175e89af1693dbba574acd7c8a85f.jpg,640,640,license-plate-number,2,88,638,562
ibwwlr57edma1_jpg.rf.d52cc30c2a4d6162316a85c75ac83cba.jpg,640,640,license-plate,207,269,527,422
ibwwlr57edma1_jpg.rf.d52cc30c2a4d6162316a85c75ac83cba.jpg,640,640,license-plate-number,263,305,472,381
4onkhaa2opca1_jpg.rf.d5ccd088a07553ceca58c83744962be7.jpg,640,640,license-plate,326,262,429,328
4onkhaa2opca1_jpg.rf.d5ccd088a07553ceca58c83744962be7.jpg,640,640,license-plate-number,335,283,420,316
e1hzdr4u5nja1_jpg.rf.d771fedd693df7459213563d07032a10.jpg,640,640,license-plate,276,367,397,428
e1hzdr4u5nja1_jpg.rf.d771fedd693df7459213563d07032a10.jpg,640,640,license-plate-number,286,383,387,414
brnvuiro6sia1_jpg.rf.d8b755afb3ebc5bb76534a45405f0816.jpg,640,640,license-plate,251,325,360,454
brnvuiro6sia1_jpg.rf.d8b755afb3ebc5bb76534a45405f0816.jpg,640,640,license-plate-number,258,359,355,417
lsibmb1um6ea1_jpg.rf.d79bc1c0a8592f5b00ba54b9d26a19b6.jpg,640,640,license-plate,269,357,415,452
lsibmb1um6ea1_jpg.rf.d79bc1c0a8592f5b00ba54b9d26a19b6.jpg,640,640,license-plate-number,286,392,397,438
california26_jpg.rf.dcccedecb5403c8de27aa55ab56eb5f6.jpg,640,640,license-plate,172,145,507,432
california26_jpg.rf.dcccedecb5403c8de27aa55ab56eb5f6.jpg,640,640,license-plate-number,197,253,483,372
ag1u9b8skfma1_jpg.rf.dc72c4338fff06af7f3393acaaba682c.jpg,640,640,license-plate,296,335,414,396
ag1u9b8skfma1_jpg.rf.dc72c4338fff06af7f3393acaaba682c.jpg,640,640,license-plate-number,307,347,399,378
digital-license-plates_jpg.rf.dae4b8cca6412657606182e2a9b554c6.jpg,640,640,license-plate-number,304,262,367,382
digital-license-plates_jpg.rf.dae4b8cca6412657606182e2a9b554c6.jpg,640,640,license-plate,269,236,398,407
alex-meier-S2Aps2CsWgQ-unsplash_jpg.rf.dce1d8c99afa9e4a747bdd43685cf60a.jpg,640,640,license-plate,367,512,427,538
alex-meier-S2Aps2CsWgQ-unsplash_jpg.rf.dce1d8c99afa9e4a747bdd43685cf60a.jpg,640,640,license-plate-number,370,521,423,532
lisa-lova-_5EXJ4iY-gA-unsplash_jpg.rf.dec8684e61bb98ec0567e0e67d225324.jpg,640,640,license-plate,446,460,494,480
lisa-lova-_5EXJ4iY-gA-unsplash_jpg.rf.dec8684e61bb98ec0567e0e67d225324.jpg,640,640,license-plate,100,431,120,440
lisa-lova-_5EXJ4iY-gA-unsplash_jpg.rf.dec8684e61bb98ec0567e0e67d225324.jpg,640,640,license-plate,257,421,274,429
lisa-lova-_5EXJ4iY-gA-unsplash_jpg.rf.dec8684e61bb98ec0567e0e67d225324.jpg,640,640,license-plate-number,103,434,118,438
lisa-lova-_5EXJ4iY-gA-unsplash_jpg.rf.dec8684e61bb98ec0567e0e67d225324.jpg,640,640,license-plate-number,259,424,272,427
lisa-lova-_5EXJ4iY-gA-unsplash_jpg.rf.dec8684e61bb98ec0567e0e67d225324.jpg,640,640,license-plate-number,450,465,490,475
images-2-_jpeg_jpg.rf.de6a5e454fd1b1c8c7768ab6e1f315bc.jpg,640,640,license-plate,1,2,640,638
images-2-_jpeg_jpg.rf.de6a5e454fd1b1c8c7768ab6e1f315bc.jpg,640,640,license-plate-number,2,20,458,585
abdbrtbzozna1_jpg.rf.ded6c2a91cc5e21f57a87876060fc0b1.jpg,640,640,license-plate,259,215,328,264
abdbrtbzozna1_jpg.rf.ded6c2a91cc5e21f57a87876060fc0b1.jpg,640,640,license-plate-number,275,226,314,251
uovneg34ahma1_jpg.rf.e078f497200e63382227dc48132fbf15.jpg,640,640,license-plate,260,421,319,474
uovneg34ahma1_jpg.rf.e078f497200e63382227dc48132fbf15.jpg,640,640,license-plate-number,265,433,316,461
karol-smoczynski-n2Gjkha4dT4-unsplash_jpg.rf.dcfe9be646230d04fd0fc48ecfb1344a.jpg,640,640,license-plate,455,410,640,488
karol-smoczynski-n2Gjkha4dT4-unsplash_jpg.rf.dcfe9be646230d04fd0fc48ecfb1344a.jpg,640,640,license-plate-number,468,438,640,471
r9ko4kqc3saa1_jpg.rf.d93f899ded232358bcd5f951afcf0859.jpg,640,640,license-plate,248,336,383,449
r9ko4kqc3saa1_jpg.rf.d93f899ded232358bcd5f951afcf0859.jpg,640,640,license-plate-number,257,360,367,417
koilrpdqsmma1_jpg.rf.e1955e3a8ebabd5b96c35079d7741b85.jpg,640,640,license-plate,204,282,322,317
koilrpdqsmma1_jpg.rf.e1955e3a8ebabd5b96c35079d7741b85.jpg,640,640,license-plate-number,227,292,299,307
47aqrq78ezma1_jpg.rf.e14b9e04316114ce4c852607c87f662e.jpg,640,640,license-plate,361,497,448,532
47aqrq78ezma1_jpg.rf.e14b9e04316114ce4c852607c87f662e.jpg,640,640,license-plate-number,368,506,443,523
d5slhm6xk1oa1_jpg.rf.e2213b801d3cc9820807d8f4cd7bbb66.jpg,640,640,license-plate,220,336,316,402
d5slhm6xk1oa1_jpg.rf.e2213b801d3cc9820807d8f4cd7bbb66.jpg,640,640,license-plate-number,245,356,290,390
luaw2gghbr9a1_jpg.rf.e2cf12362b7905dddb9d4b9782d5b5da.jpg,640,640,license-plate,61,349,418,601
luaw2gghbr9a1_jpg.rf.e2cf12362b7905dddb9d4b9782d5b5da.jpg,640,640,license-plate-number,94,427,389,543
Electronic-license-plates_jpeg_jpg.rf.e1b13deea1d81fa0dc1b3c93621764c5.jpg,640,640,license-plate,1,30,598,543
Electronic-license-plates_jpeg_jpg.rf.e1b13deea1d81fa0dc1b3c93621764c5.jpg,640,640,license-plate-number,105,118,408,513
c94k9fqfdhla1_jpg.rf.e33c7a1421eea096bd282b45409101c6.jpg,640,640,license-plate,288,426,354,485
c94k9fqfdhla1_jpg.rf.e33c7a1421eea096bd282b45409101c6.jpg,640,640,license-plate-number,292,444,351,472
download_jpeg_jpg.rf.e307aaf4c859b9bd429d933b005ddf2c.jpg,640,640,license-plate,10,29,629,616
download_jpeg_jpg.rf.e307aaf4c859b9bd429d933b005ddf2c.jpg,640,640,license-plate-number,43,238,595,539
california26_jpg.rf.e53e628fd52bdcc6a5256c5598dd7caa.jpg,640,640,license-plate,155,107,547,461
california26_jpg.rf.e53e628fd52bdcc6a5256c5598dd7caa.jpg,640,640,license-plate-number,182,213,498,408
1998_California_license_plate_4BJW994_jpeg_jpg.rf.e713b4e39ad6e1ac332c0dfac6942983.jpg,640,640,license-plate,148,162,433,487
1998_California_license_plate_4BJW994_jpeg_jpg.rf.e713b4e39ad6e1ac332c0dfac6942983.jpg,640,640,license-plate-number,180,188,357,466
hto0sjzxrfja1_jpg.rf.e6bdfbad075e0b6a765e60ef35e634c8.jpg,640,640,license-plate,264,331,406,434
hto0sjzxrfja1_jpg.rf.e6bdfbad075e0b6a765e60ef35e634c8.jpg,640,640,license-plate-number,289,361,398,406
f7v97s7ltcaa1_jpg.rf.e950ea1803a75a5ccc7a527d47b38e51.jpg,640,640,license-plate,202,240,338,337
f7v97s7ltcaa1_jpg.rf.e950ea1803a75a5ccc7a527d47b38e51.jpg,640,640,license-plate-number,212,270,329,310
l46u2r529hda1_jpg.rf.e74c53fd1687e76e66de375fc336cbbc.jpg,640,640,license-plate,255,312,428,365
l46u2r529hda1_jpg.rf.e74c53fd1687e76e66de375fc336cbbc.jpg,640,640,license-plate-number,275,324,412,350
1998_California_license_plate_4BJW994_jpg.rf.e9d3a797c042db0e342316e728c7d87e.jpg,640,640,license-plate,5,4,639,639
1998_California_license_plate_4BJW994_jpg.rf.e9d3a797c042db0e342316e728c7d87e.jpg,640,640,license-plate-number,46,218,640,568
60thcifjcffa1_jpg.rf.ea978bdec9c7caf14bd64b4af110bd22.jpg,640,640,license-plate,312,415,404,473
60thcifjcffa1_jpg.rf.ea978bdec9c7caf14bd64b4af110bd22.jpg,640,640,license-plate-number,324,428,389,455
jxtpts0yzaea1_jpg.rf.eb8ca9959a9a762a3c241b52a2146caf.jpg,640,640,license-plate,280,416,365,465
jxtpts0yzaea1_jpg.rf.eb8ca9959a9a762a3c241b52a2146caf.jpg,640,640,license-plate-number,297,431,345,458
cp9fnjx9bxia1_jpg.rf.eb2635254ba261564244d4b522ac7d0c.jpg,640,640,license-plate,318,348,413,426
cp9fnjx9bxia1_jpg.rf.eb2635254ba261564244d4b522ac7d0c.jpg,640,640,license-plate-number,332,367,399,411
dso8xg84l2ha1_jpg.rf.e755077c51dc0b31e84a76f4c44cd83c.jpg,640,640,license-plate,315,316,396,362
dso8xg84l2ha1_jpg.rf.e755077c51dc0b31e84a76f4c44cd83c.jpg,640,640,license-plate-number,322,329,391,351
download_jpeg_jpg.rf.ee6ab578196e41612c4c61b5ab3cff66.jpg,640,640,license-plate,13,23,633,625
download_jpeg_jpg.rf.ee6ab578196e41612c4c61b5ab3cff66.jpg,640,640,license-plate-number,37,239,603,543
igor-shalyminov-9mEhje1Z3sM-unsplash_jpg.rf.f11607e4ca2f8829e86def219602d3d8.jpg,640,640,license-plate,342,380,413,441
igor-shalyminov-9mEhje1Z3sM-unsplash_jpg.rf.f11607e4ca2f8829e86def219602d3d8.jpg,640,640,license-plate-number,348,404,407,431
rilee-payton-3W4pXlxxCM0-unsplash_jpg.rf.eff6232198030dfe0bc897e2f26d9200.jpg,640,640,license-plate,152,384,491,630
rilee-payton-3W4pXlxxCM0-unsplash_jpg.rf.eff6232198030dfe0bc897e2f26d9200.jpg,640,640,license-plate-number,177,451,462,554
u0f044lfh5da1_jpg.rf.eebd8022b3824a64a1cb48778772d1ab.jpg,640,640,license-plate,272,330,391,444
u0f044lfh5da1_jpg.rf.eebd8022b3824a64a1cb48778772d1ab.jpg,640,640,license-plate-number,281,372,383,429
ca2013ham_jpg.rf.f343ee34854b1707509443040dcca1a3.jpg,640,640,license-plate,3,3,639,639
ca2013ham_jpg.rf.f343ee34854b1707509443040dcca1a3.jpg,640,640,license-plate-number,115,240,547,555
california36_jpg.rf.f4c875095ddfc47e90fd419946a58a22.jpg,640,640,license-plate,114,108,452,509
california36_jpg.rf.f4c875095ddfc47e90fd419946a58a22.jpg,640,640,license-plate-number,223,139,382,475
casey-keyler-kJ8x0AbQ1io-unsplash_jpg.rf.f571d59e98a6512b0357f3a154a63773.jpg,640,640,license-plate,183,355,457,539
casey-keyler-kJ8x0AbQ1io-unsplash_jpg.rf.f571d59e98a6512b0357f3a154a63773.jpg,640,640,license-plate-number,198,392,442,488
exxe8kw2hhia1_jpg.rf.f483266013d2f077f4a7dc301e0076ea.jpg,640,640,license-plate,200,281,431,405
exxe8kw2hhia1_jpg.rf.f483266013d2f077f4a7dc301e0076ea.jpg,640,640,license-plate-number,214,316,417,377
sergio-rota-Ik1nbFtBclU-unsplash_jpg.rf.f20912c5ca62f2d6b3eba717b88651b0.jpg,640,640,license-plate,261,360,367,455
sergio-rota-Ik1nbFtBclU-unsplash_jpg.rf.f20912c5ca62f2d6b3eba717b88651b0.jpg,640,640,license-plate-number,269,392,360,434
images-2-_jpeg_jpg.rf.f78b20d73c3da3b7f5859ef24a727d21.jpg,640,640,license-plate,4,2,640,640
images-2-_jpeg_jpg.rf.f78b20d73c3da3b7f5859ef24a727d21.jpg,640,640,license-plate-number,49,192,625,632
Electronic-license-plates_jpeg_jpg.rf.f8077c5abd6713a178924ace852e47fa.jpg,640,640,license-plate,54,74,640,638
Electronic-license-plates_jpeg_jpg.rf.f8077c5abd6713a178924ace852e47fa.jpg,640,640,license-plate-number,101,214,549,595
ca2020natty2_jpg.rf.fab0b796f89de351026c1241906fabed.jpg,640,640,license-plate,3,1,639,640
ca2020natty2_jpg.rf.fab0b796f89de351026c1241906fabed.jpg,640,640,license-plate-number,9,24,531,640
n01pyaskozna1_jpg.rf.f81c9b4a9b047190fd4dec0c0ffd9297.jpg,640,640,license-plate,295,254,373,309
n01pyaskozna1_jpg.rf.f81c9b4a9b047190fd4dec0c0ffd9297.jpg,640,640,license-plate-number,323,269,361,295
california34_jpg.rf.fdfa785fdf354d9b89d1dee8706d2dc2.jpg,640,640,license-plate,118,109,521,478
california34_jpg.rf.fdfa785fdf354d9b89d1dee8706d2dc2.jpg,640,640,license-plate-number,143,230,492,412
ekmg0byaz8ia1_jpg.rf.ff5b8fd55b9add2877128822939a34bf.jpg,640,640,license-plate,263,311,310,337
ekmg0byaz8ia1_jpg.rf.ff5b8fd55b9add2877128822939a34bf.jpg,640,640,license-plate-number,267,317,305,328
guzikg5m27ka1_jpg.rf.fc9c1f224fc57da1c6037b28762a42ff.jpg,640,640,license-plate,175,162,475,454
l1b2tl4iz2aa1_jpg.rf.ff867a136d3fe141045b6125ac726449.jpg,640,640,license-plate,276,305,364,349
l1b2tl4iz2aa1_jpg.rf.ff867a136d3fe141045b6125ac726449.jpg,640,640,license-plate-number,282,317,358,339
as3jwwbrznma1_jpg.rf.ff9e32f87638d7d9f07a209be6d93f1a.jpg,640,640,license-plate,265,312,375,369
as3jwwbrznma1_jpg.rf.ff9e32f87638d7d9f07a209be6d93f1a.jpg,640,640,license-plate-number,276,327,366,356
images-5-_jpeg_jpg.rf.03621193f47b3d5873a99146565e6c18.jpg,640,640,license-plate,3,3,640,640
images-5-_jpeg_jpg.rf.03621193f47b3d5873a99146565e6c18.jpg,640,640,license-plate-number,162,41,458,604
images-2-_jpeg_jpg.rf.0371baf7dc6a91329a774b60689af2ef.jpg,640,640,license-plate,4,3,640,640
images-2-_jpeg_jpg.rf.0371baf7dc6a91329a774b60689af2ef.jpg,640,640,license-plate-number,186,44,640,571
electronic-plates-reviver-02_jpg.rf.03b04fa4c481c3c435dc90cd2f454e6e.jpg,640,640,license-plate,172,148,472,640
electronic-plates-reviver-02_jpg.rf.03b04fa4c481c3c435dc90cd2f454e6e.jpg,640,640,license-plate-number,260,241,431,558
alpaegpk49fa1_jpg.rf.04d6e124fdff2bc2f6af17af28c7ca52.jpg,640,640,license-plate,272,358,400,429
alpaegpk49fa1_jpg.rf.04d6e124fdff2bc2f6af17af28c7ca52.jpg,640,640,license-plate-number,281,371,384,406
pd3j5167oola1_jpg.rf.05eb5836918029689fe84b218ac1a94b.jpg,640,640,license-plate,293,309,401,362
pd3j5167oola1_jpg.rf.05eb5836918029689fe84b218ac1a94b.jpg,640,640,license-plate-number,299,321,395,349
images-4-_jpeg_jpg.rf.05f1ed5fff2d92e3634e737b3b2d8a97.jpg,640,640,license-plate,36,2,630,630
images-4-_jpeg_jpg.rf.05f1ed5fff2d92e3634e737b3b2d8a97.jpg,640,640,license-plate-number,180,81,448,549
8wnvejw1btja1_jpg.rf.07bd2ec74fb4c564a25e2d8da7462e7e.jpg,640,640,license-plate,240,421,326,478
8wnvejw1btja1_jpg.rf.07bd2ec74fb4c564a25e2d8da7462e7e.jpg,640,640,license-plate-number,251,434,314,464
7696kmyx4fla1_jpg.rf.071cd9c8be3e21af7c0db7d5ea37e058.jpg,640,640,license-plate,284,353,341,384
7696kmyx4fla1_jpg.rf.071cd9c8be3e21af7c0db7d5ea37e058.jpg,640,640,license-plate-number,288,362,336,377
1998_California_license_plate_4BJW994_jpg.rf.062441eb460be9ef36ff3aa8f0fbca5c.jpg,640,640,license-plate,2,1,638,639
1998_California_license_plate_4BJW994_jpg.rf.062441eb460be9ef36ff3aa8f0fbca5c.jpg,640,640,license-plate-number,29,223,605,543
reid-zura-83QJJcjSgSs-unsplash_jpg.rf.082bbfaf6932968db472f797fac7f1cc.jpg,640,640,license-plate,61,442,111,471
reid-zura-83QJJcjSgSs-unsplash_jpg.rf.082bbfaf6932968db472f797fac7f1cc.jpg,640,640,license-plate,399,364,425,377
reid-zura-83QJJcjSgSs-unsplash_jpg.rf.082bbfaf6932968db472f797fac7f1cc.jpg,640,640,license-plate-number,400,367,422,373
reid-zura-83QJJcjSgSs-unsplash_jpg.rf.082bbfaf6932968db472f797fac7f1cc.jpg,640,640,license-plate-number,65,448,103,464
images-4-_jpeg_jpg.rf.08c55d0e781be6fcaa845e9d6552135c.jpg,640,640,license-plate,37,12,611,625
images-4-_jpeg_jpg.rf.08c55d0e781be6fcaa845e9d6552135c.jpg,640,640,license-plate-number,178,81,448,554
ca2020natty2_jpg.rf.099a7566df959d3891484381f3cdf330.jpg,640,640,license-plate,1,3,638,640
ca2020natty2_jpg.rf.099a7566df959d3891484381f3cdf330.jpg,640,640,license-plate-number,34,158,640,627
dsc01687-1665241947_jpg.rf.08f1ce04362722861b8095279e7a343c.jpg,640,640,license-plate,302,282,538,461
dsc01687-1665241947_jpg.rf.08f1ce04362722861b8095279e7a343c.jpg,640,640,license-plate-number,329,328,489,407
7uiom7ezxcoa1_jpg.rf.09e093f8a9c12c6ff50b1eb007a67e4e.jpg,640,640,license-plate,176,304,253,342
7uiom7ezxcoa1_jpg.rf.09e093f8a9c12c6ff50b1eb007a67e4e.jpg,640,640,license-plate-number,181,314,246,333
troy-spoelma-V9LbV1JNrog-unsplash_jpg.rf.09c74e05d00ff2393dfb984659c76949.jpg,640,640,license-plate,302,500,371,525
troy-spoelma-V9LbV1JNrog-unsplash_jpg.rf.09c74e05d00ff2393dfb984659c76949.jpg,640,640,license-plate-number,306,506,366,518
california26_jpg.rf.0ad2a216c8f4a52e7696de0a07499ecb.jpg,640,640,license-plate,215,136,492,469
california26_jpg.rf.0ad2a216c8f4a52e7696de0a07499ecb.jpg,640,640,license-plate-number,267,155,389,439
5hbatsdpugla1_jpg.rf.0b7b857528077da91bab53d0e161efb8.jpg,640,640,license-plate,345,399,452,481
5hbatsdpugla1_jpg.rf.0b7b857528077da91bab53d0e161efb8.jpg,640,640,license-plate-number,351,423,445,461
unx8gr3itzka1_jpg.rf.0d984aaa279e40d39e198274eaec4174.jpg,640,640,license-plate,206,276,312,331
unx8gr3itzka1_jpg.rf.0d984aaa279e40d39e198274eaec4174.jpg,640,640,license-plate-number,216,290,305,317
Electronic-license-plates_jpeg_jpg.rf.0b600a8ec7abdf504b9399fac34415e7.jpg,640,640,license-plate,20,100,640,615
Electronic-license-plates_jpeg_jpg.rf.0b600a8ec7abdf504b9399fac34415e7.jpg,640,640,license-plate-number,235,138,526,540
ca2013ham_jpg.rf.0db03d73163cd3d59c7c9406d51d1927.jpg,640,640,license-plate,3,3,639,640
ca2013ham_jpg.rf.0db03d73163cd3d59c7c9406d51d1927.jpg,640,640,license-plate-number,22,40,428,545
dsc01687-1665241947_jpg.rf.0cfbc136aa78ff0267977d47b921cc4b.jpg,640,640,license-plate,281,295,527,492
dsc01687-1665241947_jpg.rf.0cfbc136aa78ff0267977d47b921cc4b.jpg,640,640,license-plate-number,314,343,482,449
images-1-_jpeg_jpg.rf.0ef035c5878ab70847d6d7f8077fd747.jpg,640,640,license-plate-number,66,175,618,562
images-1-_jpeg_jpg.rf.0ef035c5878ab70847d6d7f8077fd747.jpg,640,640,license-plate,3,0,640,640
7c31c5da8af3deda98b060646ed8608d_jpg.rf.0efe362d9b248a93b309421e8ad6d7cd.jpg,640,640,license-plate,3,2,639,638
7c31c5da8af3deda98b060646ed8608d_jpg.rf.0efe362d9b248a93b309421e8ad6d7cd.jpg,640,640,license-plate-number,13,181,638,612
ve3k2giaenna1_jpg.rf.0e58b5f12a655f6b934d95732d8a67e4.jpg,640,640,license-plate,268,366,358,421
ve3k2giaenna1_jpg.rf.0e58b5f12a655f6b934d95732d8a67e4.jpg,640,640,license-plate-number,277,380,352,405
a97908c389fcb8e9658a6104df4b648c_jpg.rf.0fe6f9392d56066e19ef9b3d79042a24.jpg,640,640,license-plate,56,197,469,419
a97908c389fcb8e9658a6104df4b648c_jpg.rf.0fe6f9392d56066e19ef9b3d79042a24.jpg,640,640,license-plate-number,89,279,439,382
download_jpeg_jpg.rf.10ec178dc7d4a9bff8f81fe032b49823.jpg,640,640,license-plate,12,22,631,630
download_jpeg_jpg.rf.10ec178dc7d4a9bff8f81fe032b49823.jpg,640,640,license-plate-number,45,238,601,542
3b5v88mliyca1_jpg.rf.10943045abd18ae2310792fffe0835a9.jpg,640,640,license-plate,333,290,407,339
3b5v88mliyca1_jpg.rf.10943045abd18ae2310792fffe0835a9.jpg,640,640,license-plate-number,355,305,387,331
dyqreypgc1pa1_jpg.rf.0de2ef3cda412819a139de86aab38aaa.jpg,640,640,license-plate,290,312,399,407
dyqreypgc1pa1_jpg.rf.0de2ef3cda412819a139de86aab38aaa.jpg,640,640,license-plate-number,310,347,378,386
47uvqaycdbha1_jpg.rf.142664f460f2b8bd1c6b17b27e049571.jpg,640,640,license-plate,436,193,525,283
47uvqaycdbha1_jpg.rf.142664f460f2b8bd1c6b17b27e049571.jpg,640,640,license-plate-number,446,219,518,266
xxpwb4ts4eka1_jpg.rf.1553b0af64faed47048ed4b2641fe7e7.jpg,640,640,license-plate,260,217,399,313
xxpwb4ts4eka1_jpg.rf.1553b0af64faed47048ed4b2641fe7e7.jpg,640,640,license-plate-number,271,250,390,297
digital-license-plates_jpg.rf.11b7c8a1bfd573c4a55ae3109a319b86.jpg,640,640,license-plate,259,251,381,416
digital-license-plates_jpg.rf.11b7c8a1bfd573c4a55ae3109a319b86.jpg,640,640,license-plate-number,288,270,352,396
ca2023_jpg.rf.163cc659502cc1a618b4300797bc4e24.jpg,640,640,license-plate,7,3,640,636
ca2023_jpg.rf.163cc659502cc1a618b4300797bc4e24.jpg,640,640,license-plate-number,36,239,600,543
nf94pwed89ma1_jpg.rf.15d3e693472dafea654ae90af6281457.jpg,640,640,license-plate,268,487,351,534
nf94pwed89ma1_jpg.rf.15d3e693472dafea654ae90af6281457.jpg,640,640,license-plate-number,291,495,349,519
images-2-_jpeg_jpg.rf.18f86a8513717a6cc6b7253eff1c2058.jpg,640,640,license-plate,1,4,640,638
images-2-_jpeg_jpg.rf.18f86a8513717a6cc6b7253eff1c2058.jpg,640,640,license-plate-number,135,1,613,610
3vqna87qsmma1_jpg.rf.1925a2d31c56955a732e5e6d58e86b71.jpg,640,640,license-plate,268,181,394,246
3vqna87qsmma1_jpg.rf.1925a2d31c56955a732e5e6d58e86b71.jpg,640,640,license-plate-number,282,193,381,233
dsn3pg8nwtoa1_jpg.rf.1976c79382d28a09805feb114216b7e4.jpg,640,640,license-plate,254,439,377,520
dsn3pg8nwtoa1_jpg.rf.1976c79382d28a09805feb114216b7e4.jpg,640,640,license-plate-number,262,460,369,499
ca-hiker-california-hiker-personalized-license-plate-on-a-honda-accord-BGFY3R_jpg.rf.190afe2f0b93926c05519870f8d647da.jpg,640,640,license-plate,255,188,392,281
ca-hiker-california-hiker-personalized-license-plate-on-a-honda-accord-BGFY3R_jpg.rf.190afe2f0b93926c05519870f8d647da.jpg,640,640,license-plate-number,260,220,389,265
og0495u1j0ca1_jpg.rf.19cf84d5bd8337a5e43d14db0bc1ae6c.jpg,640,640,license-plate,363,417,444,468
og0495u1j0ca1_jpg.rf.19cf84d5bd8337a5e43d14db0bc1ae6c.jpg,640,640,license-plate-number,370,435,441,459
ca-hiker-california-hiker-personalized-license-plate-on-a-honda-accord-BGFY3R_jpg.rf.1c372b9632b8f3eb0a147e509e3c25b4.jpg,640,640,license-plate,246,152,410,278
ca-hiker-california-hiker-personalized-license-plate-on-a-honda-accord-BGFY3R_jpg.rf.1c372b9632b8f3eb0a147e509e3c25b4.jpg,640,640,license-plate-number,255,186,398,259
ca2020natty2_jpg.rf.1a728acc08a9ac957d5ef54949eee20b.jpg,640,640,license-plate,5,4,638,640
ca2020natty2_jpg.rf.1a728acc08a9ac957d5ef54949eee20b.jpg,640,640,license-plate-number,7,223,621,569
1998_California_license_plate_4BJW994_jpg.rf.1b275c1922d66d1b708fa2355f0261a9.jpg,640,640,license-plate,4,2,640,639
1998_California_license_plate_4BJW994_jpg.rf.1b275c1922d66d1b708fa2355f0261a9.jpg,640,640,license-plate-number,41,226,597,538
4d1om12ximja1_jpg.rf.1c529b1217a4c4404a42fd9bf59a96d2.jpg,640,640,license-plate,202,432,267,486
4d1om12ximja1_jpg.rf.1c529b1217a4c4404a42fd9bf59a96d2.jpg,640,640,license-plate-number,206,441,261,471
l8uqlisis0fa1_jpg.rf.1c4ebe1d4b99ccbf0ea10c17b87d3011.jpg,640,640,license-plate,263,399,329,451
l8uqlisis0fa1_jpg.rf.1c4ebe1d4b99ccbf0ea10c17b87d3011.jpg,640,640,license-plate-number,269,412,326,436
ca2020natty2_jpg.rf.1c8731a70d8b3e359ea90f8d1c79154b.jpg,640,640,license-plate,2,0,637,639
ca2020natty2_jpg.rf.1c8731a70d8b3e359ea90f8d1c79154b.jpg,640,640,license-plate-number,102,32,400,596
images-5-_jpeg_jpg.rf.1eaff2028cba5c48a77e03cb88d11582.jpg,640,640,license-plate,2,3,640,640
images-5-_jpeg_jpg.rf.1eaff2028cba5c48a77e03cb88d11582.jpg,640,640,license-plate-number,148,31,484,640
98fzhwj5xuga1_jpg.rf.21591a6cf692c054a7ba0d3cdbeadd9c.jpg,640,640,license-plate,257,304,401,365
98fzhwj5xuga1_jpg.rf.21591a6cf692c054a7ba0d3cdbeadd9c.jpg,640,640,license-plate-number,270,319,389,350
ca-hiker-california-hiker-personalized-license-plate-on-a-honda-accord-BGFY3R_jpg.rf.1fd6300e3b5146f3c627cba40cdd9273.jpg,640,640,license-plate,254,185,422,315
ca-hiker-california-hiker-personalized-license-plate-on-a-honda-accord-BGFY3R_jpg.rf.1fd6300e3b5146f3c627cba40cdd9273.jpg,640,640,license-plate-number,268,225,411,298
BJU0Td3ImLhLin6z3eKfKIoa0SjrPoG8C9wlJu8n5WM_jpg.rf.20aa0fc186b5adf9e358724b8542d7c3.jpg,640,640,license-plate,291,429,400,488
BJU0Td3ImLhLin6z3eKfKIoa0SjrPoG8C9wlJu8n5WM_jpg.rf.20aa0fc186b5adf9e358724b8542d7c3.jpg,640,640,license-plate-number,303,441,391,473
images-5-_jpeg_jpg.rf.1fc2dd6d0300996e9878d8fcff629617.jpg,640,640,license-plate,2,3,640,640
images-5-_jpeg_jpg.rf.1fc2dd6d0300996e9878d8fcff629617.jpg,640,640,license-plate-number,5,117,640,568
images_jpeg_jpg.rf.223eebe62722328e67cea235ed703f08.jpg,640,640,license-plate,2,3,636,640
images_jpeg_jpg.rf.223eebe62722328e67cea235ed703f08.jpg,640,640,license-plate-number,35,243,604,559
1998_California_license_plate_4BJW994_jpg.rf.1dd8de2c9d83d56666078abea228a7c0.jpg,640,640,license-plate,4,4,640,639
1998_California_license_plate_4BJW994_jpg.rf.1dd8de2c9d83d56666078abea228a7c0.jpg,640,640,license-plate-number,6,143,640,615
ku4285099oga1_jpg.rf.22a2063f2e3ce10ece6ac5d9cb5dad09.jpg,640,640,license-plate,276,402,356,443
ku4285099oga1_jpg.rf.22a2063f2e3ce10ece6ac5d9cb5dad09.jpg,640,640,license-plate-number,283,413,350,431
nksbinegm0ma1_jpg.rf.23b52a08a367545c320ea985ce204519.jpg,640,640,license-plate,207,428,287,481
nksbinegm0ma1_jpg.rf.23b52a08a367545c320ea985ce204519.jpg,640,640,license-plate-number,214,439,283,468
ca-hiker-california-hiker-personalized-license-plate-on-a-honda-accord-BGFY3R_jpg.rf.241644d29a40833b6138bfcac5b0e235.jpg,640,640,license-plate,248,186,390,283
ca-hiker-california-hiker-personalized-license-plate-on-a-honda-accord-BGFY3R_jpg.rf.241644d29a40833b6138bfcac5b0e235.jpg,640,640,license-plate-number,255,217,380,265
1qbox1dtstna1_jpg.rf.2419019b52f2e9fd97cfa3a8b760ea94.jpg,640,640,license-plate,220,283,399,432
1qbox1dtstna1_jpg.rf.2419019b52f2e9fd97cfa3a8b760ea94.jpg,640,640,license-plate-number,239,323,382,393
1uvkqab6fmha1_jpg.rf.26f704293aedc99e4956f4ec4b5f8e34.jpg,640,640,license-plate,278,294,387,350
1uvkqab6fmha1_jpg.rf.26f704293aedc99e4956f4ec4b5f8e34.jpg,640,640,license-plate-number,286,308,382,335
19gl841j49na1_jpg.rf.27132c2569567f0af8aef80f547ac911.jpg,640,640,license-plate,218,339,336,415
19gl841j49na1_jpg.rf.27132c2569567f0af8aef80f547ac911.jpg,640,640,license-plate-number,262,359,331,396
california36_jpg.rf.24e9fb61f1e10dbaf0fd4617e88aa565.jpg,640,640,license-plate,190,110,533,494
california36_jpg.rf.24e9fb61f1e10dbaf0fd4617e88aa565.jpg,640,640,license-plate-number,263,145,418,466
images-4-_jpeg_jpg.rf.27b32355c865bcfe673c1242c5068436.jpg,640,640,license-plate,8,21,622,608
images-4-_jpeg_jpg.rf.27b32355c865bcfe673c1242c5068436.jpg,640,640,license-plate-number,77,192,548,463
bn9neb1uij9a1_jpg.rf.298d05bfd977e396c9e920ac1352ae55.jpg,640,640,license-plate,297,365,415,430
bn9neb1uij9a1_jpg.rf.298d05bfd977e396c9e920ac1352ae55.jpg,640,640,license-plate-number,313,385,403,416
electronic-plates-reviver-02_jpg.rf.2a25d47d307e2dfb6cc8fa1effb4a7b2.jpg,640,640,license-plate,160,171,455,640
electronic-plates-reviver-02_jpg.rf.2a25d47d307e2dfb6cc8fa1effb4a7b2.jpg,640,640,license-plate-number,246,271,420,539
images-4-_jpeg_jpg.rf.2ecd77fd5cc7bc89282b86696af31b50.jpg,640,640,license-plate,0,1,640,640
images-4-_jpeg_jpg.rf.2ecd77fd5cc7bc89282b86696af31b50.jpg,640,640,license-plate-number,51,148,581,503
pyyw6nfbhbha1_jpg.rf.2bd8c25f2b25bed5c5b0c9da5dbb35ca.jpg,640,640,license-plate,264,361,423,444
pyyw6nfbhbha1_jpg.rf.2bd8c25f2b25bed5c5b0c9da5dbb35ca.jpg,640,640,license-plate-number,275,386,412,428
dsc01687-1665241947_jpg.rf.2c1438d3b437659c387c16416e0a12d5.jpg,640,640,license-plate,294,290,515,438
dsc01687-1665241947_jpg.rf.2c1438d3b437659c387c16416e0a12d5.jpg,640,640,license-plate-number,320,332,473,394
jZwxHv3L5WzAWzQNFENl5yU3rSDx1fZozL7bfoV36j8_jpg.rf.2854329e2ca8e2a3580828fc13c8a126.jpg,640,640,license-plate,279,354,365,397
jZwxHv3L5WzAWzQNFENl5yU3rSDx1fZozL7bfoV36j8_jpg.rf.2854329e2ca8e2a3580828fc13c8a126.jpg,640,640,license-plate-number,286,364,361,386
zr2m1dok9tja1_jpg.rf.2df25800ae1befdd6be47df637236891.jpg,640,640,license-plate,314,283,432,349
zr2m1dok9tja1_jpg.rf.2df25800ae1befdd6be47df637236891.jpg,640,640,license-plate-number,322,305,424,336
36auaeejilka1_jpg.rf.2b59429a2a4160247781cbda7f91ff4f.jpg,640,640,license-plate,290,300,382,352
36auaeejilka1_jpg.rf.2b59429a2a4160247781cbda7f91ff4f.jpg,640,640,license-plate-number,301,313,371,337
robert-locke-D199s7KvGvk-unsplash_jpg.rf.2f473c1fb2f4b875f5b333ebe272540e.jpg,640,640,license-plate,342,367,464,416
robert-locke-D199s7KvGvk-unsplash_jpg.rf.2f473c1fb2f4b875f5b333ebe272540e.jpg,640,640,license-plate-number,357,382,454,405
valeriia-neganova-RImDwsQG6hI-unsplash_jpg.rf.2e4db5135b7d2ae42cff6dea644c7dfa.jpg,640,640,license-plate,337,498,402,538
valeriia-neganova-RImDwsQG6hI-unsplash_jpg.rf.2e4db5135b7d2ae42cff6dea644c7dfa.jpg,640,640,license-plate-number,341,505,398,531
valeriia-neganova-RImDwsQG6hI-unsplash_jpg.rf.2e4db5135b7d2ae42cff6dea644c7dfa.jpg,640,640,license-plate,26,403,58,422
valeriia-neganova-RImDwsQG6hI-unsplash_jpg.rf.2e4db5135b7d2ae42cff6dea644c7dfa.jpg,640,640,license-plate-number,29,407,54,418
images_jpeg_jpg.rf.2f5481b246673ffaa9376addfe80c1e7.jpg,640,640,license-plate,25,6,550,615
images_jpeg_jpg.rf.2f5481b246673ffaa9376addfe80c1e7.jpg,640,640,license-plate-number,188,35,425,561
9ch9quykckma1_jpg.rf.302c9d09f5aab751890908926106e30a.jpg,640,640,license-plate,310,283,386,335
9ch9quykckma1_jpg.rf.302c9d09f5aab751890908926106e30a.jpg,640,640,license-plate-number,314,301,382,327
6zval7k05nfa1_jpg.rf.2e44a5e97b86ba32b0e815247b53412f.jpg,640,640,license-plate,414,303,488,366
6zval7k05nfa1_jpg.rf.2e44a5e97b86ba32b0e815247b53412f.jpg,640,640,license-plate-number,422,326,481,359
qq038429hdna1_jpg.rf.30f35cef8416277482842258ca722fd6.jpg,640,640,license-plate,206,255,396,390
qq038429hdna1_jpg.rf.30f35cef8416277482842258ca722fd6.jpg,640,640,license-plate-number,244,303,363,335
2xzi19udwjba1_jpg.rf.3089a5bb9f0dc5393ec3947e04a6d989.jpg,640,640,license-plate,263,262,390,347
2xzi19udwjba1_jpg.rf.3089a5bb9f0dc5393ec3947e04a6d989.jpg,640,640,license-plate-number,269,289,382,332
wWQCsmStWRTD4UklG0SYirJjXQ_cKUKE8osAv3s4nyE_jpg.rf.320956dd3266e531320d5704496d4a51.jpg,640,640,license-plate,165,422,239,499
wWQCsmStWRTD4UklG0SYirJjXQ_cKUKE8osAv3s4nyE_jpg.rf.320956dd3266e531320d5704496d4a51.jpg,640,640,license-plate-number,169,441,234,485
images-2-_jpeg_jpg.rf.322951516ca980b482bc5fd7c50cd76c.jpg,640,640,license-plate,3,3,635,639
images-2-_jpeg_jpg.rf.322951516ca980b482bc5fd7c50cd76c.jpg,640,640,license-plate-number,3,26,456,572
jorge-simmons-valenzuela-yVNm6YJkEUM-unsplash_jpg.rf.323b17f3b4e46f802e85a331009e8d06.jpg,640,640,license-plate,277,304,368,338
jorge-simmons-valenzuela-yVNm6YJkEUM-unsplash_jpg.rf.323b17f3b4e46f802e85a331009e8d06.jpg,640,640,license-plate-number,309,315,362,329
matthew-woinarowicz-QGR4BGQd33Q-unsplash_jpg.rf.31d65beebcf4360537d427bff50565ac.jpg,640,640,license-plate,202,370,290,415
matthew-woinarowicz-QGR4BGQd33Q-unsplash_jpg.rf.31d65beebcf4360537d427bff50565ac.jpg,640,640,license-plate-number,208,384,280,407
freddy-kearney-7qLnzmfBjW0-unsplash_jpg.rf.32458aa4046b58fb095d4c294b264274.jpg,640,640,license-plate,257,168,387,292
freddy-kearney-7qLnzmfBjW0-unsplash_jpg.rf.32458aa4046b58fb095d4c294b264274.jpg,640,640,license-plate-number,265,203,378,261
0h288a1h6gna1_jpg.rf.32d788bd5ba6a5cc00da68bcbf0bde1f.jpg,640,640,license-plate,246,315,355,384
0h288a1h6gna1_jpg.rf.32d788bd5ba6a5cc00da68bcbf0bde1f.jpg,640,640,license-plate-number,251,333,351,368
6sx77qfh4fca1_jpg.rf.3345c8ed41bc921034aa285b1a9d9a67.jpg,640,640,license-plate,133,69,442,454
6sx77qfh4fca1_jpg.rf.3345c8ed41bc921034aa285b1a9d9a67.jpg,640,640,license-plate-number,150,140,428,388
np7atvi85nga1_jpg.rf.33a0df1c7adc517711b5c86ba34369e0.jpg,640,640,license-plate,267,364,400,451
np7atvi85nga1_jpg.rf.33a0df1c7adc517711b5c86ba34369e0.jpg,640,640,license-plate-number,278,386,390,426
california26_jpg.rf.34d245c8e2822fb6ab96075bf8de8583.jpg,640,640,license-plate-number,142,237,456,416
california26_jpg.rf.34d245c8e2822fb6ab96075bf8de8583.jpg,640,640,license-plate,84,123,493,476
reza-rostampisheh-ABinUYCl1Kc-unsplash_jpg.rf.36fce81c07b991b18fe0ec20dd7a15d6.jpg,640,640,license-plate,162,403,191,446
reza-rostampisheh-ABinUYCl1Kc-unsplash_jpg.rf.36fce81c07b991b18fe0ec20dd7a15d6.jpg,640,640,license-plate-number,165,418,188,438
images_jpeg_jpg.rf.34628606eaf60206156f9921d6d04e69.jpg,640,640,license-plate,25,46,594,560
images_jpeg_jpg.rf.34628606eaf60206156f9921d6d04e69.jpg,640,640,license-plate-number,62,219,564,435
dsc01687-1665241947_jpg.rf.38c3abdbb47fd56beb59d6035d301ecb.jpg,640,640,license-plate,148,268,342,510
dsc01687-1665241947_jpg.rf.38c3abdbb47fd56beb59d6035d301ecb.jpg,640,640,license-plate-number,192,304,293,466
bcv04e80p4ja1_jpg.rf.39b111ebcd5928c30c30579329b7af41.jpg,640,640,license-plate,282,329,410,422
bcv04e80p4ja1_jpg.rf.39b111ebcd5928c30c30579329b7af41.jpg,640,640,license-plate-number,303,353,399,395
images-3-_jpeg_jpg.rf.3975da77b7ec3467685c1f239720986f.jpg,640,640,license-plate,2,2,639,640
images-3-_jpeg_jpg.rf.3975da77b7ec3467685c1f239720986f.jpg,640,640,license-plate-number,30,182,599,476
keith-luke-YNd9CS0ZRvs-unsplash_jpg.rf.3893eff69a56313eda2fd574c206913e.jpg,640,640,license-plate,278,414,379,482
keith-luke-YNd9CS0ZRvs-unsplash_jpg.rf.3893eff69a56313eda2fd574c206913e.jpg,640,640,license-plate-number,283,432,374,464
hoj7wt6bkxea1_jpg.rf.3a266ddb8529cbc1cd0b041aa653de9a.jpg,640,640,license-plate,233,183,410,300
hoj7wt6bkxea1_jpg.rf.3a266ddb8529cbc1cd0b041aa653de9a.jpg,640,640,license-plate-number,245,226,394,279
pxuvds6zr5da1_jpg.rf.3a3a33248e74b087e1ab16fa0cd2555f.jpg,640,640,license-plate,242,295,316,347
pxuvds6zr5da1_jpg.rf.3a3a33248e74b087e1ab16fa0cd2555f.jpg,640,640,license-plate-number,245,306,314,331
g2akvzd3sfha1_jpg.rf.3b42c92c0ce429e0f24fad912afb9744.jpg,640,640,license-plate,269,318,442,444
g2akvzd3sfha1_jpg.rf.3b42c92c0ce429e0f24fad912afb9744.jpg,640,640,license-plate-number,322,358,427,410
peter-thomas-5scwK9Hi7ls-unsplash_jpg.rf.3be733b57a0b8fadc4dc9bee60059d97.jpg,640,640,license-plate,218,529,426,640
peter-thomas-5scwK9Hi7ls-unsplash_jpg.rf.3be733b57a0b8fadc4dc9bee60059d97.jpg,640,640,license-plate-number,257,557,406,626
images-5-_jpeg_jpg.rf.3a8e7ef1abb0c7a74d5583d711dfbdf4.jpg,640,640,license-plate,3,4,640,637
images-5-_jpeg_jpg.rf.3a8e7ef1abb0c7a74d5583d711dfbdf4.jpg,640,640,license-plate-number,38,176,609,483
8i4tjjo711aa1_jpg.rf.3d5d470054f0ad5055b02ba033a84232.jpg,640,640,license-plate,240,332,309,378
8i4tjjo711aa1_jpg.rf.3d5d470054f0ad5055b02ba033a84232.jpg,640,640,license-plate-number,245,339,304,362
download_jpeg_jpg.rf.386f5d22fe610a8a729b3c9068c46e7c.jpg,640,640,license-plate,4,0,640,640
download_jpeg_jpg.rf.386f5d22fe610a8a729b3c9068c46e7c.jpg,640,640,license-plate-number,30,153,640,618
1998_California_license_plate_4BJW994_jpg.rf.3d8f0e95a59908aca74f30f98f32bd7f.jpg,640,640,license-plate,4,4,640,640
1998_California_license_plate_4BJW994_jpg.rf.3d8f0e95a59908aca74f30f98f32bd7f.jpg,640,640,license-plate-number,2,168,640,640
7g12v72r1vga1_jpg.rf.3f21c9d2680ed37db550eb92c23364f6.jpg,640,640,license-plate,240,352,393,457
7g12v72r1vga1_jpg.rf.3f21c9d2680ed37db550eb92c23364f6.jpg,640,640,license-plate-number,246,384,384,440
download_jpeg_jpg.rf.3dead61886ebb7c0b771c94e9e8aabd2.jpg,640,640,license-plate,1,6,640,624
download_jpeg_jpg.rf.3dead61886ebb7c0b771c94e9e8aabd2.jpg,640,640,license-plate-number,33,220,637,550
digital-license-plates_jpg.rf.3f8b2b0e23bb583318dcf8601ce53659.jpg,640,640,license-plate,259,243,388,407
digital-license-plates_jpg.rf.3f8b2b0e23bb583318dcf8601ce53659.jpg,640,640,license-plate-number,293,267,352,385
2wrrbogu87la1_jpg.rf.3e5d19115d7d0c14bdaa40c8f291c0f4.jpg,640,640,license-plate,299,490,353,534
2wrrbogu87la1_jpg.rf.3e5d19115d7d0c14bdaa40c8f291c0f4.jpg,640,640,license-plate-number,304,500,347,523
3ajnb28ju8ha1_jpg.rf.40aebb095ec46af2ba9b6514934f272d.jpg,640,640,license-plate,297,346,451,422
3ajnb28ju8ha1_jpg.rf.40aebb095ec46af2ba9b6514934f272d.jpg,640,640,license-plate-number,308,371,441,408
ca2020natty2_jpg.rf.406b416b19321a14815f38d3b7e07e1c.jpg,640,640,license-plate,1,1,640,640
ca2020natty2_jpg.rf.406b416b19321a14815f38d3b7e07e1c.jpg,640,640,license-plate-number,0,172,640,623
lylggeo8y9da1_jpg.rf.42e86784115e639e6a3745196888ef58.jpg,640,640,license-plate,239,333,411,423
lylggeo8y9da1_jpg.rf.42e86784115e639e6a3745196888ef58.jpg,640,640,license-plate-number,261,358,395,398
electronic-plates-reviver-02_jpg.rf.419b62c6c4a48e3ffe4c51449bec3598.jpg,640,640,license-plate,109,237,457,620
electronic-plates-reviver-02_jpg.rf.419b62c6c4a48e3ffe4c51449bec3598.jpg,640,640,license-plate-number,194,322,428,543
jlc29sco6hga1_jpg.rf.41e494e5bc0cc74a81877fc988d2d42d.jpg,640,640,license-plate,300,248,375,283
jlc29sco6hga1_jpg.rf.41e494e5bc0cc74a81877fc988d2d42d.jpg,640,640,license-plate-number,306,258,368,274
9m7dlurztfka1_jpg.rf.4458e42df7b11727d904d9ab1bd304ae.jpg,640,640,license-plate,209,326,352,410
9m7dlurztfka1_jpg.rf.4458e42df7b11727d904d9ab1bd304ae.jpg,640,640,license-plate-number,220,345,338,386
4ut3jn8d3uga1_jpg.rf.483911228f8bb585defdc151aa5a83ba.jpg,640,640,license-plate,358,354,422,390
4ut3jn8d3uga1_jpg.rf.483911228f8bb585defdc151aa5a83ba.jpg,640,640,license-plate-number,364,365,417,382
nima-sarram-q4F3rtBg4vc-unsplash_jpg.rf.48265cdda7ec212062d32d45cfb47430.jpg,640,640,license-plate,231,473,455,591
nima-sarram-q4F3rtBg4vc-unsplash_jpg.rf.48265cdda7ec212062d32d45cfb47430.jpg,640,640,license-plate-number,246,504,440,562
1998_California_license_plate_4BJW994_jpeg_jpg.rf.46026ff4304ad167331f1a7251c180db.jpg,640,640,license-plate,150,224,499,547
1998_California_license_plate_4BJW994_jpeg_jpg.rf.46026ff4304ad167331f1a7251c180db.jpg,640,640,license-plate-number,181,309,471,483
s63feb9suiha1_jpg.rf.4d18479d625420eb4f5e76ae551ca2fb.jpg,640,640,license-plate,273,211,395,297
s63feb9suiha1_jpg.rf.4d18479d625420eb4f5e76ae551ca2fb.jpg,640,640,license-plate-number,290,236,379,277
75zYjIR8Mh11i3i6GSO6LNrn180hDjYvOSbifuinK8A_jpg.rf.510f68b360200fc240027a02e6c286d1.jpg,640,640,license-plate,274,274,382,344
75zYjIR8Mh11i3i6GSO6LNrn180hDjYvOSbifuinK8A_jpg.rf.510f68b360200fc240027a02e6c286d1.jpg,640,640,license-plate-number,281,298,374,332
1998_California_license_plate_4BJW994_jpeg_jpg.rf.50d061bd7aecd895466d743b98accd97.jpg,640,640,license-plate,147,185,402,470
1998_California_license_plate_4BJW994_jpeg_jpg.rf.50d061bd7aecd895466d743b98accd97.jpg,640,640,license-plate-number,201,202,324,453
images-6-_jpeg_jpg.rf.520d2573384fc7b4dcba12b7c47c4d25.jpg,640,640,license-plate,2,3,638,640
images-6-_jpeg_jpg.rf.520d2573384fc7b4dcba12b7c47c4d25.jpg,640,640,license-plate-number,0,152,639,639
eem7z224qdoa1_jpg.rf.4d383b174989cc194fadb824f718ac2c.jpg,640,640,license-plate,119,175,359,335
eem7z224qdoa1_jpg.rf.4d383b174989cc194fadb824f718ac2c.jpg,640,640,license-plate-number,140,220,334,294
qp3ab0qrdbga1_jpg.rf.520f72c56c9663591933d571ea06335f.jpg,640,640,license-plate,295,372,383,434
qp3ab0qrdbga1_jpg.rf.520f72c56c9663591933d571ea06335f.jpg,640,640,license-plate-number,300,386,377,416
3180fsf3e5oa1_jpg.rf.51b0ec582c782b6f1da894dd76174f6a.jpg,640,640,license-plate,253,271,345,318
3180fsf3e5oa1_jpg.rf.51b0ec582c782b6f1da894dd76174f6a.jpg,640,640,license-plate-number,258,282,339,305
wqbii1d0wiha1_jpg.rf.564583def7a72b7712fb0a3f80b5de75.jpg,640,640,license-plate,317,383,434,456
wqbii1d0wiha1_jpg.rf.564583def7a72b7712fb0a3f80b5de75.jpg,640,640,license-plate-number,327,403,424,442
mick-haupt-elLAOzK9nqU-unsplash_jpg.rf.556466b309bc5ef0672bab12719e0cca.jpg,640,640,license-plate,97,260,398,488
mick-haupt-elLAOzK9nqU-unsplash_jpg.rf.556466b309bc5ef0672bab12719e0cca.jpg,640,640,license-plate-number,115,343,383,457
71ey50gtegma1_jpg.rf.5487da3b10470af0e4793d86ffd80ef7.jpg,640,640,license-plate,274,296,392,359
71ey50gtegma1_jpg.rf.5487da3b10470af0e4793d86ffd80ef7.jpg,640,640,license-plate-number,287,313,380,341
mtg6u7luzmga1_jpg.rf.538d2fb2018b7c5f92ce0af3df491e3e.jpg,640,640,license-plate,286,324,410,415
mtg6u7luzmga1_jpg.rf.538d2fb2018b7c5f92ce0af3df491e3e.jpg,640,640,license-plate-number,301,350,399,390
ee4j45maswba1_jpg.rf.5868d67acb49f117e94b4cc380300dfa.jpg,640,640,license-plate,454,401,497,450
ee4j45maswba1_jpg.rf.5868d67acb49f117e94b4cc380300dfa.jpg,640,640,license-plate-number,456,415,494,443
p4smg0eq3gna1_jpg.rf.58ccd316e5c3105e9b6daeb65ced7fac.jpg,640,640,license-plate,228,193,390,305
p4smg0eq3gna1_jpg.rf.58ccd316e5c3105e9b6daeb65ced7fac.jpg,640,640,license-plate-number,247,225,379,274
e0sj3ntaipia1_jpg.rf.4e26921bd11eb3b6219892877754c8ee.jpg,640,640,license-plate,211,249,361,353
e0sj3ntaipia1_jpg.rf.4e26921bd11eb3b6219892877754c8ee.jpg,640,640,license-plate-number,224,280,348,324
okvijzim7vna1_jpg.rf.582ac3073f1ecdc77a5fd768b1c55cce.jpg,640,640,license-plate,280,353,362,405
okvijzim7vna1_jpg.rf.582ac3073f1ecdc77a5fd768b1c55cce.jpg,640,640,license-plate-number,287,367,355,390
1msfk054tmha1_jpg.rf.599e886cd9d718feb33a82fbb2ad1255.jpg,640,640,license-plate,246,406,316,444
1msfk054tmha1_jpg.rf.599e886cd9d718feb33a82fbb2ad1255.jpg,640,640,license-plate-number,253,415,290,432
7ocnpsitp0oa1_jpg.rf.5a5da7f0b23059c9cfbab86ab3f18ec6.jpg,640,640,license-plate,266,411,367,491
7ocnpsitp0oa1_jpg.rf.5a5da7f0b23059c9cfbab86ab3f18ec6.jpg,640,640,license-plate-number,273,431,360,472
nima-sarram-dAr5vBODDsE-unsplash_jpg.rf.5a1229096a562284f8c2f4ecf9bfcc64.jpg,640,640,license-plate,198,499,224,525
nima-sarram-dAr5vBODDsE-unsplash_jpg.rf.5a1229096a562284f8c2f4ecf9bfcc64.jpg,640,640,license-plate-number,199,507,223,520
na0gapuzg0la1_jpg.rf.5b15602a828d74d417a4c2d128dd0839.jpg,640,640,license-plate,207,333,297,401
na0gapuzg0la1_jpg.rf.5b15602a828d74d417a4c2d128dd0839.jpg,640,640,license-plate-number,214,349,290,385
aiftcg78bhla1_jpg.rf.5b80018e3db6830f6d2b9c923c97f2ef.jpg,640,640,license-plate,276,339,401,401
aiftcg78bhla1_jpg.rf.5b80018e3db6830f6d2b9c923c97f2ef.jpg,640,640,license-plate-number,286,354,393,383
2_png_jpg.rf.5f693fa1b0e737f607ccc45407f7c382.jpg,640,640,license-plate,5,5,640,640
2_png_jpg.rf.5f693fa1b0e737f607ccc45407f7c382.jpg,640,640,license-plate-number,17,241,626,551
ITbrHXGkkzaOSsNJwFxm0Lk-OAiTUxsq1LdRgbnpPJE_jpg.rf.5b56e7c4e189fc1c5ee2aecaf41494c6.jpg,640,640,license-plate,321,178,416,294
ITbrHXGkkzaOSsNJwFxm0Lk-OAiTUxsq1LdRgbnpPJE_jpg.rf.5b56e7c4e189fc1c5ee2aecaf41494c6.jpg,640,640,license-plate-number,331,202,409,270
images-5-_jpeg_jpg.rf.568dacc2c90ad2f6f54015d3f3d106d8.jpg,640,640,license-plate,5,0,640,640
images-5-_jpeg_jpg.rf.568dacc2c90ad2f6f54015d3f3d106d8.jpg,640,640,license-plate-number,5,61,640,552
california26_jpg.rf.5fb5f26455341df847ca9cf13a558b3c.jpg,640,640,license-plate,72,110,490,463
california26_jpg.rf.5fb5f26455341df847ca9cf13a558b3c.jpg,640,640,license-plate-number,133,210,460,408
jdgdp12a7qea1_jpg.rf.61a79f742b70189ef84663e34420ecf2.jpg,640,640,license-plate,219,245,371,352
jdgdp12a7qea1_jpg.rf.61a79f742b70189ef84663e34420ecf2.jpg,640,640,license-plate-number,228,282,359,332
enq-1998-wv_fiVhIbso-unsplash_jpg.rf.60893fcc842bc31dcbfd4bc172de9370.jpg,640,640,license-plate,401,304,426,334
enq-1998-wv_fiVhIbso-unsplash_jpg.rf.60893fcc842bc31dcbfd4bc172de9370.jpg,640,640,license-plate-number,413,315,424,329
128162066-car-number-plates-vector-design-with-usa-vehicle-license-registration-plates-of-auto-motorcycle-and_jpg.rf.5f8bdb87f1f66c03bbbeacdbc79e734c.jpg,640,640,license-plate,14,23,167,162
128162066-car-number-plates-vector-design-with-usa-vehicle-license-registration-plates-of-auto-motorcycle-and_jpg.rf.5f8bdb87f1f66c03bbbeacdbc79e734c.jpg,640,640,license-plate,168,23,319,159
128162066-car-number-plates-vector-design-with-usa-vehicle-license-registration-plates-of-auto-motorcycle-and_jpg.rf.5f8bdb87f1f66c03bbbeacdbc79e734c.jpg,640,640,license-plate,322,22,473,159
128162066-car-number-plates-vector-design-with-usa-vehicle-license-registration-plates-of-auto-motorcycle-and_jpg.rf.5f8bdb87f1f66c03bbbeacdbc79e734c.jpg,640,640,license-plate,476,22,627,161
128162066-car-number-plates-vector-design-with-usa-vehicle-license-registration-plates-of-auto-motorcycle-and_jpg.rf.5f8bdb87f1f66c03bbbeacdbc79e734c.jpg,640,640,license-plate,13,178,166,313
128162066-car-number-plates-vector-design-with-usa-vehicle-license-registration-plates-of-auto-motorcycle-and_jpg.rf.5f8bdb87f1f66c03bbbeacdbc79e734c.jpg,640,640,license-plate,168,177,320,315
128162066-car-number-plates-vector-design-with-usa-vehicle-license-registration-plates-of-auto-motorcycle-and_jpg.rf.5f8bdb87f1f66c03bbbeacdbc79e734c.jpg,640,640,license-plate,322,177,473,314
128162066-car-number-plates-vector-design-with-usa-vehicle-license-registration-plates-of-auto-motorcycle-and_jpg.rf.5f8bdb87f1f66c03bbbeacdbc79e734c.jpg,640,640,license-plate,474,176,627,311
128162066-car-number-plates-vector-design-with-usa-vehicle-license-registration-plates-of-auto-motorcycle-and_jpg.rf.5f8bdb87f1f66c03bbbeacdbc79e734c.jpg,640,640,license-plate,13,329,166,463
128162066-car-number-plates-vector-design-with-usa-vehicle-license-registration-plates-of-auto-motorcycle-and_jpg.rf.5f8bdb87f1f66c03bbbeacdbc79e734c.jpg,640,640,license-plate,168,329,321,466
128162066-car-number-plates-vector-design-with-usa-vehicle-license-registration-plates-of-auto-motorcycle-and_jpg.rf.5f8bdb87f1f66c03bbbeacdbc79e734c.jpg,640,640,license-plate,322,330,473,467
128162066-car-number-plates-vector-design-with-usa-vehicle-license-registration-plates-of-auto-motorcycle-and_jpg.rf.5f8bdb87f1f66c03bbbeacdbc79e734c.jpg,640,640,license-plate,475,330,627,466
128162066-car-number-plates-vector-design-with-usa-vehicle-license-registration-plates-of-auto-motorcycle-and_jpg.rf.5f8bdb87f1f66c03bbbeacdbc79e734c.jpg,640,640,license-plate,475,481,626,615
128162066-car-number-plates-vector-design-with-usa-vehicle-license-registration-plates-of-auto-motorcycle-and_jpg.rf.5f8bdb87f1f66c03bbbeacdbc79e734c.jpg,640,640,license-plate,320,480,471,613
128162066-car-number-plates-vector-design-with-usa-vehicle-license-registration-plates-of-auto-motorcycle-and_jpg.rf.5f8bdb87f1f66c03bbbeacdbc79e734c.jpg,640,640,license-plate,168,478,318,615
128162066-car-number-plates-vector-design-with-usa-vehicle-license-registration-plates-of-auto-motorcycle-and_jpg.rf.5f8bdb87f1f66c03bbbeacdbc79e734c.jpg,640,640,license-plate,13,479,165,615
128162066-car-number-plates-vector-design-with-usa-vehicle-license-registration-plates-of-auto-motorcycle-and_jpg.rf.5f8bdb87f1f66c03bbbeacdbc79e734c.jpg,640,640,license-plate-number,22,72,157,130
128162066-car-number-plates-vector-design-with-usa-vehicle-license-registration-plates-of-auto-motorcycle-and_jpg.rf.5f8bdb87f1f66c03bbbeacdbc79e734c.jpg,640,640,license-plate-number,189,62,301,109
128162066-car-number-plates-vector-design-with-usa-vehicle-license-registration-plates-of-auto-motorcycle-and_jpg.rf.5f8bdb87f1f66c03bbbeacdbc79e734c.jpg,640,640,license-plate-number,334,64,461,125
128162066-car-number-plates-vector-design-with-usa-vehicle-license-registration-plates-of-auto-motorcycle-and_jpg.rf.5f8bdb87f1f66c03bbbeacdbc79e734c.jpg,640,640,license-plate-number,482,60,618,121
128162066-car-number-plates-vector-design-with-usa-vehicle-license-registration-plates-of-auto-motorcycle-and_jpg.rf.5f8bdb87f1f66c03bbbeacdbc79e734c.jpg,640,640,license-plate-number,23,216,157,275
128162066-car-number-plates-vector-design-with-usa-vehicle-license-registration-plates-of-auto-motorcycle-and_jpg.rf.5f8bdb87f1f66c03bbbeacdbc79e734c.jpg,640,640,license-plate-number,176,211,291,268
128162066-car-number-plates-vector-design-with-usa-vehicle-license-registration-plates-of-auto-motorcycle-and_jpg.rf.5f8bdb87f1f66c03bbbeacdbc79e734c.jpg,640,640,license-plate-number,329,218,463,278
128162066-car-number-plates-vector-design-with-usa-vehicle-license-registration-plates-of-auto-motorcycle-and_jpg.rf.5f8bdb87f1f66c03bbbeacdbc79e734c.jpg,640,640,license-plate-number,486,220,616,281
128162066-car-number-plates-vector-design-with-usa-vehicle-license-registration-plates-of-auto-motorcycle-and_jpg.rf.5f8bdb87f1f66c03bbbeacdbc79e734c.jpg,640,640,license-plate-number,23,359,156,423
128162066-car-number-plates-vector-design-with-usa-vehicle-license-registration-plates-of-auto-motorcycle-and_jpg.rf.5f8bdb87f1f66c03bbbeacdbc79e734c.jpg,640,640,license-plate-number,181,361,307,429
128162066-car-number-plates-vector-design-with-usa-vehicle-license-registration-plates-of-auto-motorcycle-and_jpg.rf.5f8bdb87f1f66c03bbbeacdbc79e734c.jpg,640,640,license-plate-number,331,365,462,430
128162066-car-number-plates-vector-design-with-usa-vehicle-license-registration-plates-of-auto-motorcycle-and_jpg.rf.5f8bdb87f1f66c03bbbeacdbc79e734c.jpg,640,640,license-plate-number,510,370,617,427
128162066-car-number-plates-vector-design-with-usa-vehicle-license-registration-plates-of-auto-motorcycle-and_jpg.rf.5f8bdb87f1f66c03bbbeacdbc79e734c.jpg,640,640,license-plate-number,28,519,154,576
128162066-car-number-plates-vector-design-with-usa-vehicle-license-registration-plates-of-auto-motorcycle-and_jpg.rf.5f8bdb87f1f66c03bbbeacdbc79e734c.jpg,640,640,license-plate-number,176,524,310,584
128162066-car-number-plates-vector-design-with-usa-vehicle-license-registration-plates-of-auto-motorcycle-and_jpg.rf.5f8bdb87f1f66c03bbbeacdbc79e734c.jpg,640,640,license-plate-number,331,525,461,584
128162066-car-number-plates-vector-design-with-usa-vehicle-license-registration-plates-of-auto-motorcycle-and_jpg.rf.5f8bdb87f1f66c03bbbeacdbc79e734c.jpg,640,640,license-plate-number,480,516,591,570
61do0lolkgla1_jpg.rf.667b4f276dcde52a2c1e5e1e7d34cff4.jpg,640,640,license-plate,304,288,407,352
61do0lolkgla1_jpg.rf.667b4f276dcde52a2c1e5e1e7d34cff4.jpg,640,640,license-plate-number,311,307,398,336
ocrpvqiej7fa1_jpg.rf.653c5197ffac56a3fb2c1338a500d75b.jpg,640,640,license-plate,292,352,390,408
ocrpvqiej7fa1_jpg.rf.653c5197ffac56a3fb2c1338a500d75b.jpg,640,640,license-plate-number,302,365,383,393
31nyka5gwhca1_jpg.rf.678ba335c9fc8c3dafc52bc8dc2b38c0.jpg,640,640,license-plate,306,290,430,374
31nyka5gwhca1_jpg.rf.678ba335c9fc8c3dafc52bc8dc2b38c0.jpg,640,640,license-plate-number,315,304,414,348
ssc0y5drl1ja1_jpg.rf.63b88c84fd07d2e237820b87f3ab1acc.jpg,640,640,license-plate,252,261,408,370
ssc0y5drl1ja1_jpg.rf.63b88c84fd07d2e237820b87f3ab1acc.jpg,640,640,license-plate-number,268,291,389,341
curses-how-one-state-keeps-vanity-license-plates-family-friendly-feature-car-and-driver-photo-469028-s-original_jpg.rf.67da3c2f2a291e03082228e83b00c54c.jpg,640,640,license-plate,74,15,584,624
curses-how-one-state-keeps-vanity-license-plates-family-friendly-feature-car-and-driver-photo-469028-s-original_jpg.rf.67da3c2f2a291e03082228e83b00c54c.jpg,640,640,license-plate-number,205,64,432,582
2fwtoshqayaa1_jpg.rf.6866766408e85df7d6b4a9c556e49af0.jpg,640,640,license-plate,258,334,353,421
2fwtoshqayaa1_jpg.rf.6866766408e85df7d6b4a9c556e49af0.jpg,640,640,license-plate-number,274,357,339,396
98f9pszw8mfa1_jpg.rf.6aedd8742c03e9a8f283c188b9b36f02.jpg,640,640,license-plate,266,495,390,566
98f9pszw8mfa1_jpg.rf.6aedd8742c03e9a8f283c188b9b36f02.jpg,640,640,license-plate-number,276,510,382,547
6k5yofm5stna1_jpg.rf.693103eda3485a035321c5bd22c1a3c2.jpg,640,640,license-plate,221,379,405,502
6k5yofm5stna1_jpg.rf.693103eda3485a035321c5bd22c1a3c2.jpg,640,640,license-plate-number,245,413,380,472
m417sncy6eda1_jpg.rf.6a0bca354428ce074c5d6f6a99ca7ce1.jpg,640,640,license-plate,252,416,369,503
m417sncy6eda1_jpg.rf.6a0bca354428ce074c5d6f6a99ca7ce1.jpg,640,640,license-plate-number,265,432,353,474
california36_jpg.rf.6c795987bb50d076869f1854db1e1688.jpg,640,640,license-plate,97,61,465,502
california36_jpg.rf.6c795987bb50d076869f1854db1e1688.jpg,640,640,license-plate-number,215,96,390,463
1998_California_license_plate_4BJW994_jpeg_jpg.rf.6c3c625dfceac2cacbfefafd89bdba7b.jpg,640,640,license-plate,118,168,442,515
1998_California_license_plate_4BJW994_jpeg_jpg.rf.6c3c625dfceac2cacbfefafd89bdba7b.jpg,640,640,license-plate-number,175,208,362,482
3entwsw4t7la1_jpg.rf.6cec7473625d2c7688a3a36c780ea52c.jpg,640,640,license-plate,220,270,433,376
3entwsw4t7la1_jpg.rf.6cec7473625d2c7688a3a36c780ea52c.jpg,640,640,license-plate-number,234,305,419,359
qwmd0qj54tla1_jpg.rf.6d8d5e16865215ee8fccd5cba536caf9.jpg,640,640,license-plate,193,380,278,446
qwmd0qj54tla1_jpg.rf.6d8d5e16865215ee8fccd5cba536caf9.jpg,640,640,license-plate-number,199,398,275,426
jack-delulio-xhwE2SsxWd0-unsplash_jpg.rf.70a5f20c086f362d839bed423d894688.jpg,640,640,license-plate,218,403,443,602
jack-delulio-xhwE2SsxWd0-unsplash_jpg.rf.70a5f20c086f362d839bed423d894688.jpg,640,640,license-plate-number,235,479,427,565
electronic-plates-reviver-02_jpg.rf.708a0ad56bf59d483e753c477835f087.jpg,640,640,license-plate,195,185,622,498
electronic-plates-reviver-02_jpg.rf.708a0ad56bf59d483e753c477835f087.jpg,640,640,license-plate-number,290,222,516,423
bc5k1oyurvja1_jpg.rf.730a747dea79005a5746620de2eefc5a.jpg,640,640,license-plate,301,345,409,430
bc5k1oyurvja1_jpg.rf.730a747dea79005a5746620de2eefc5a.jpg,640,640,license-plate-number,320,369,388,410
oakiqj6oa0ha1_jpg.rf.6fca1523982c3004bf417abcb0803f4d.jpg,640,640,license-plate,312,433,386,488
oakiqj6oa0ha1_jpg.rf.6fca1523982c3004bf417abcb0803f4d.jpg,640,640,license-plate-number,315,453,380,483
images-1-_jpeg_jpg.rf.70d7a48bb19373e3d87204c39a74891c.jpg,640,640,license-plate,1,8,640,617
images-1-_jpeg_jpg.rf.70d7a48bb19373e3d87204c39a74891c.jpg,640,640,license-plate-number,70,172,609,556
images-4-_jpeg_jpg.rf.7398bda87835e6e9851ca46f5d7129f5.jpg,640,640,license-plate,8,4,633,640
images-4-_jpeg_jpg.rf.7398bda87835e6e9851ca46f5d7129f5.jpg,640,640,license-plate-number,138,65,449,592
jon-megna-2iN1TRTCvNI-unsplash_jpg.rf.733348a626df0da2fdb1034b1c2d6fe9.jpg,640,640,license-plate,286,313,363,339
jon-megna-2iN1TRTCvNI-unsplash_jpg.rf.733348a626df0da2fdb1034b1c2d6fe9.jpg,640,640,license-plate-number,294,322,356,334
images-2-_jpeg_jpg.rf.723f67d7068ea2a53c651616c6f85f7d.jpg,640,640,license-plate,2,1,638,640
images-2-_jpeg_jpg.rf.723f67d7068ea2a53c651616c6f85f7d.jpg,640,640,license-plate-number,72,2,534,605
ca2020natty2_jpg.rf.70fc9006affda011e07804d0033b1335.jpg,640,640,license-plate,1,1,640,640
ca2020natty2_jpg.rf.70fc9006affda011e07804d0033b1335.jpg,640,640,license-plate-number,38,243,603,547
nr2rjxss6ena1_jpg.rf.74d281ab801adc0bb9ba135be47513ee.jpg,640,640,license-plate,251,471,341,522
nr2rjxss6ena1_jpg.rf.74d281ab801adc0bb9ba135be47513ee.jpg,640,640,license-plate-number,258,484,336,508
dsc01687-1665241947_jpg.rf.74aa34b3f46051df2cadc9d15c64bcb2.jpg,640,640,license-plate,219,316,398,514
dsc01687-1665241947_jpg.rf.74aa34b3f46051df2cadc9d15c64bcb2.jpg,640,640,license-plate-number,256,336,343,476
g1p35c8s49na1_jpg.rf.75660a8f40c1c279b59127abae609c69.jpg,640,640,license-plate,206,268,393,446
g1p35c8s49na1_jpg.rf.75660a8f40c1c279b59127abae609c69.jpg,640,640,license-plate-number,225,310,380,405
xeeej1a7mvla1_jpg.rf.758b6440addfacbc6269bd21f56ec8e2.jpg,640,640,license-plate,174,269,347,388
xeeej1a7mvla1_jpg.rf.758b6440addfacbc6269bd21f56ec8e2.jpg,640,640,license-plate-number,190,303,335,362
Es34KjRd9-FzsN5lftfNAq2kJfaZsnKFGrKVswvP3dU_jpg.rf.77e473f367eab2123e2b43ea3d1eb783.jpg,640,640,license-plate,264,307,371,379
Es34KjRd9-FzsN5lftfNAq2kJfaZsnKFGrKVswvP3dU_jpg.rf.77e473f367eab2123e2b43ea3d1eb783.jpg,640,640,license-plate-number,273,327,363,364
dwlc3prqd9ga1_jpg.rf.777ee9b576e0d33f8dbd70d70f5ee362.jpg,640,640,license-plate,282,321,379,369
dwlc3prqd9ga1_jpg.rf.777ee9b576e0d33f8dbd70d70f5ee362.jpg,640,640,license-plate-number,299,334,362,358
images-6-_jpeg_jpg.rf.7930ed454a74c2a889e049616a18d9b7.jpg,640,640,license-plate,3,3,640,640
images-6-_jpeg_jpg.rf.7930ed454a74c2a889e049616a18d9b7.jpg,640,640,license-plate-number,38,237,602,537
dzmsrsx9vyna1_jpg.rf.79bdf5b79d2e435b809db5a26f36933e.jpg,640,640,license-plate,225,355,436,437
dzmsrsx9vyna1_jpg.rf.79bdf5b79d2e435b809db5a26f36933e.jpg,640,640,license-plate-number,243,382,420,423
images-6-_jpeg_jpg.rf.7c583e44d00983f9ad88cb8f009197f8.jpg,640,640,license-plate,5,7,640,640
images-6-_jpeg_jpg.rf.7c583e44d00983f9ad88cb8f009197f8.jpg,640,640,license-plate-number,35,244,609,538
images-1-_jpeg_jpg.rf.7c63544776f0cfb90474e8ce300cee65.jpg,640,640,license-plate,49,49,596,583
images-1-_jpeg_jpg.rf.7c63544776f0cfb90474e8ce300cee65.jpg,640,640,license-plate-number,92,253,556,488
7c31c5da8af3deda98b060646ed8608d_jpg.rf.798157a08d0fdc00458fc6c52ee6a8cb.jpg,640,640,license-plate,4,3,640,640
7c31c5da8af3deda98b060646ed8608d_jpg.rf.798157a08d0fdc00458fc6c52ee6a8cb.jpg,640,640,license-plate-number,90,38,409,599
sf7dm6lymvja1_jpg.rf.7de725b886bd6014708910e9ff93a5a1.jpg,640,640,license-plate,213,269,423,386
sf7dm6lymvja1_jpg.rf.7de725b886bd6014708910e9ff93a5a1.jpg,640,640,license-plate-number,249,312,389,361
qv33f7i7b0ia1_jpg.rf.7e7f9f7ba6f7303c6565e7f28af8dc61.jpg,640,640,license-plate,329,271,402,323
qv33f7i7b0ia1_jpg.rf.7e7f9f7ba6f7303c6565e7f28af8dc61.jpg,640,640,license-plate-number,342,283,390,309
california26_jpg.rf.7e1d4c2b94b5382cae1c5aaa5da74a47.jpg,640,640,license-plate,186,99,569,508
california26_jpg.rf.7e1d4c2b94b5382cae1c5aaa5da74a47.jpg,640,640,license-plate-number,242,144,458,479
pb23izcgs8na1_jpg.rf.7d5ee7a184509999fd32f1abb5f461bd.jpg,640,640,license-plate,278,339,400,401
pb23izcgs8na1_jpg.rf.7d5ee7a184509999fd32f1abb5f461bd.jpg,640,640,license-plate-number,313,355,368,385
images-6-_jpeg_jpg.rf.7e64e0d83af742586c8b7ba743d5a76d.jpg,640,640,license-plate,2,3,640,639
images-6-_jpeg_jpg.rf.7e64e0d83af742586c8b7ba743d5a76d.jpg,640,640,license-plate-number,3,4,502,640
h6mbhkcjrhca1_jpg.rf.7dd517d87247970eee6e676d3515f487.jpg,640,640,license-plate,295,271,376,331
h6mbhkcjrhca1_jpg.rf.7dd517d87247970eee6e676d3515f487.jpg,640,640,license-plate-number,305,286,368,315
electronic-plates-reviver-02_jpg.rf.7eede77e8c129cb3bbd9572090466472.jpg,640,640,license-plate,154,154,444,640
electronic-plates-reviver-02_jpg.rf.7eede77e8c129cb3bbd9572090466472.jpg,640,640,license-plate-number,236,253,418,542
california36_jpg.rf.80c30e793baa5a18c902e9bbd48ea071.jpg,640,640,license-plate,71,67,532,501
california36_jpg.rf.80c30e793baa5a18c902e9bbd48ea071.jpg,640,640,license-plate-number,102,195,477,428
ca-hiker-california-hiker-personalized-license-plate-on-a-honda-accord-BGFY3R_jpg.rf.7fffd08cf9888c0cd1c8ed189a1b3fdb.jpg,640,640,license-plate,251,186,392,282
ca-hiker-california-hiker-personalized-license-plate-on-a-honda-accord-BGFY3R_jpg.rf.7fffd08cf9888c0cd1c8ed189a1b3fdb.jpg,640,640,license-plate-number,261,220,389,266
mfm6fz0yvela1_jpg.rf.811522fad254d78807fca27521226e3d.jpg,640,640,license-plate,271,388,362,436
mfm6fz0yvela1_jpg.rf.811522fad254d78807fca27521226e3d.jpg,640,640,license-plate-number,293,398,339,420
maximilian-kopsch-N50GTLURRZ0-unsplash_jpg.rf.820f8946c6b0dd6a47535e91713d4336.jpg,640,640,license-plate,283,326,373,395
maximilian-kopsch-N50GTLURRZ0-unsplash_jpg.rf.820f8946c6b0dd6a47535e91713d4336.jpg,640,640,license-plate-number,289,352,368,383
7c31c5da8af3deda98b060646ed8608d_jpg.rf.7e8dad51070bf6a00fef03170be60cd2.jpg,640,640,license-plate,4,2,637,639
7c31c5da8af3deda98b060646ed8608d_jpg.rf.7e8dad51070bf6a00fef03170be60cd2.jpg,640,640,license-plate-number,224,25,568,621
841e71je61ha1_jpg.rf.867f99cec7a07bc0f2bce4d694fb42a2.jpg,640,640,license-plate,289,410,388,478
841e71je61ha1_jpg.rf.867f99cec7a07bc0f2bce4d694fb42a2.jpg,640,640,license-plate-number,294,433,382,467
branden-bermudez-JzDxs4ZoIWw-unsplash_jpg.rf.86b87245d82daf293859bf7b1ae9bdd3.jpg,640,640,license-plate,268,353,373,384
branden-bermudez-JzDxs4ZoIWw-unsplash_jpg.rf.86b87245d82daf293859bf7b1ae9bdd3.jpg,640,640,license-plate-number,275,364,366,378
9PMmNr8ktgb3IEgxVivgI2pEQtcxZC89Fh3K1vtC_0c_jpg.rf.8638c40732231d578322ddb410752422.jpg,640,640,license-plate,267,267,480,428
9PMmNr8ktgb3IEgxVivgI2pEQtcxZC89Fh3K1vtC_0c_jpg.rf.8638c40732231d578322ddb410752422.jpg,640,640,license-plate-number,285,313,469,394
digital-license-plates_jpg.rf.837ac519ff6626f0db0bef0355d38896.jpg,640,640,license-plate,236,243,419,400
digital-license-plates_jpg.rf.837ac519ff6626f0db0bef0355d38896.jpg,640,640,license-plate-number,262,271,394,365
i449ytv2lmba1_jpg.rf.888346f6a5ccd803c4854a5d3c1d3937.jpg,640,640,license-plate,161,278,379,422
i449ytv2lmba1_jpg.rf.888346f6a5ccd803c4854a5d3c1d3937.jpg,640,640,license-plate-number,195,321,343,389
alisa-anton-LBW6JXPpw7E-unsplash_jpg.rf.8913d23191cc250d14ec9eebbf950e4b.jpg,640,640,license-plate,370,523,402,550
alisa-anton-LBW6JXPpw7E-unsplash_jpg.rf.8913d23191cc250d14ec9eebbf950e4b.jpg,640,640,license-plate-number,373,528,400,542
karsten-winegeart-8SVJojoCmxY-unsplash_jpg.rf.8a6039a87c68e2dc4648b64ed33b7214.jpg,640,640,license-plate,211,433,376,573
karsten-winegeart-8SVJojoCmxY-unsplash_jpg.rf.8a6039a87c68e2dc4648b64ed33b7214.jpg,640,640,license-plate-number,225,485,362,532
7ijxq29z7qea1_jpg.rf.8acb526f50885499317f1b8001ea32cb.jpg,640,640,license-plate,240,224,365,341
7ijxq29z7qea1_jpg.rf.8acb526f50885499317f1b8001ea32cb.jpg,640,640,license-plate-number,255,254,352,306
heb17ecppoma1_jpg.rf.8be5c9b5a821d099495a896010943cf2.jpg,640,640,license-plate,266,313,378,370
heb17ecppoma1_jpg.rf.8be5c9b5a821d099495a896010943cf2.jpg,640,640,license-plate-number,274,329,372,356
images-4-_jpeg_jpg.rf.8b08b738b0dd0f716828ca9c4d8f7f4c.jpg,640,640,license-plate,11,2,635,640
images-4-_jpeg_jpg.rf.8b08b738b0dd0f716828ca9c4d8f7f4c.jpg,640,640,license-plate-number,143,60,484,612
images-2-_jpeg_jpg.rf.8cb02ca6af9e1084494a97b63ba5d33e.jpg,640,640,license-plate,2,1,637,640
images-2-_jpeg_jpg.rf.8cb02ca6af9e1084494a97b63ba5d33e.jpg,640,640,license-plate-number,65,189,615,639
Electronic-license-plates_jpeg_jpg.rf.8db98dad15dad861c9da13637bc34641.jpg,640,640,license-plate,0,0,640,540
Electronic-license-plates_jpeg_jpg.rf.8db98dad15dad861c9da13637bc34641.jpg,640,640,license-plate-number,152,84,432,503
21x4z3qcxmfa1_jpg.rf.8dd77dbd7fa8c579cc494dd7ed289231.jpg,640,640,license-plate,257,345,399,419
21x4z3qcxmfa1_jpg.rf.8dd77dbd7fa8c579cc494dd7ed289231.jpg,640,640,license-plate-number,270,363,387,399
kd0p3zis3hha1_jpg.rf.8dbbff64f9a940df90fdf45cf8fd8c6b.jpg,640,640,license-plate,280,354,450,445
kd0p3zis3hha1_jpg.rf.8dbbff64f9a940df90fdf45cf8fd8c6b.jpg,640,640,license-plate-number,296,382,435,426
Electronic-license-plates_jpeg_jpg.rf.8fd5fe0af86dcccad6bec56a5f5cb603.jpg,640,640,license-plate-number,238,105,542,519
Electronic-license-plates_jpeg_jpg.rf.8fd5fe0af86dcccad6bec56a5f5cb603.jpg,640,640,license-plate,17,71,640,593
california26_jpg.rf.907ebc324b20377a35ef0d6455274c2c.jpg,640,640,license-plate,149,105,525,443
california26_jpg.rf.907ebc324b20377a35ef0d6455274c2c.jpg,640,640,license-plate-number,191,212,503,388
1998_California_license_plate_4BJW994_jpeg_jpg.rf.920ca3447ac98c4d5a1645b202958ce1.jpg,640,640,license-plate,125,192,495,540
1998_California_license_plate_4BJW994_jpeg_jpg.rf.920ca3447ac98c4d5a1645b202958ce1.jpg,640,640,license-plate-number,165,275,446,479
zac-meadowcroft-OdaJeY0tucU-unsplash_jpg.rf.8eabfb8e396ab38d8ec38586b8ca956c.jpg,640,640,license-plate,268,525,423,634
zac-meadowcroft-OdaJeY0tucU-unsplash_jpg.rf.8eabfb8e396ab38d8ec38586b8ca956c.jpg,640,640,license-plate-number,275,551,413,618
download_jpeg_jpg.rf.93716ef184756002ae03ab0e75491cfe.jpg,640,640,license-plate,1,0,640,634
download_jpeg_jpg.rf.93716ef184756002ae03ab0e75491cfe.jpg,640,640,license-plate-number,2,136,625,638
images-5-_jpeg_jpg.rf.94be57a7b595df8cca9dd4263502c0f9.jpg,640,640,license-plate,3,0,640,636
images-5-_jpeg_jpg.rf.94be57a7b595df8cca9dd4263502c0f9.jpg,640,640,license-plate-number,0,88,640,619
images-2-_jpeg_jpg.rf.96446fcc2849ae32e6f14ced4f4b89cb.jpg,640,640,license-plate,1,1,640,640
images-2-_jpeg_jpg.rf.96446fcc2849ae32e6f14ced4f4b89cb.jpg,640,640,license-plate-number,115,2,580,610
3abo4pwl8ana1_jpg.rf.943df76aa2f0101912d10c445224cab4.jpg,640,640,license-plate,203,272,270,319
guq17cvhblna1_jpg.rf.96781808a4d837df7400544a5220bde9.jpg,640,640,license-plate,83,432,144,478
guq17cvhblna1_jpg.rf.96781808a4d837df7400544a5220bde9.jpg,640,640,license-plate-number,109,445,136,465
bOJQcPksQsqb0ETniS3WMONIpi_2FyogetzOynurX9s_jpg.rf.97bc71c958c55e9eb26ca0c8f6ace2ba.jpg,640,640,license-plate,316,422,430,503
bOJQcPksQsqb0ETniS3WMONIpi_2FyogetzOynurX9s_jpg.rf.97bc71c958c55e9eb26ca0c8f6ace2ba.jpg,640,640,license-plate-number,328,444,418,484
6kryid75ytka1_jpg.rf.97fabf8a86d154a32627db8391f24724.jpg,640,640,license-plate,305,449,403,495
6kryid75ytka1_jpg.rf.97fabf8a86d154a32627db8391f24724.jpg,640,640,license-plate-number,311,464,399,489
bvdz6jfgiaia1_jpg.rf.98ab55bdd6ed9ffa1411cdddb9fae064.jpg,640,640,license-plate,185,227,414,380
bvdz6jfgiaia1_jpg.rf.98ab55bdd6ed9ffa1411cdddb9fae064.jpg,640,640,license-plate-number,270,266,400,342
xyiyazotn9ga1_jpg.rf.9675a33172d6653a498b57aa357348ca.jpg,640,640,license-plate,256,319,336,377
xyiyazotn9ga1_jpg.rf.9675a33172d6653a498b57aa357348ca.jpg,640,640,license-plate-number,259,337,331,368
clLw_6qUvdqXssWeOIX1ZrcGxubxxDXn3-9Iwid23cQ_jpg.rf.9a7829bb33672a925bf8514db58396ea.jpg,640,640,license-plate,306,280,404,348
clLw_6qUvdqXssWeOIX1ZrcGxubxxDXn3-9Iwid23cQ_jpg.rf.9a7829bb33672a925bf8514db58396ea.jpg,640,640,license-plate-number,321,297,387,324
p7bjpcom7fia1_jpg.rf.9c4dd73300a3dc891e0212a69e701acb.jpg,640,640,license-plate,219,271,381,405
p7bjpcom7fia1_jpg.rf.9c4dd73300a3dc891e0212a69e701acb.jpg,640,640,license-plate-number,282,308,369,367
curses-how-one-state-keeps-vanity-license-plates-family-friendly-feature-car-and-driver-photo-469028-s-original_jpg.rf.9bf5a9370f6f573674b07f12c94c7125.jpg,640,640,license-plate,2,3,637,640
curses-how-one-state-keeps-vanity-license-plates-family-friendly-feature-car-and-driver-photo-469028-s-original_jpg.rf.9bf5a9370f6f573674b07f12c94c7125.jpg,640,640,license-plate-number,36,185,609,474
nyq9r1rms4ha1_jpg.rf.9bb106a396e7502fba98e9ebf55ad523.jpg,640,640,license-plate,273,219,379,301
nyq9r1rms4ha1_jpg.rf.9bb106a396e7502fba98e9ebf55ad523.jpg,640,640,license-plate-number,281,240,372,283
r0b4iez4dana1_jpg.rf.9d6847b7280a3fe239c990ad29ed11d2.jpg,640,640,license-plate,324,278,438,361
r0b4iez4dana1_jpg.rf.9d6847b7280a3fe239c990ad29ed11d2.jpg,640,640,license-plate-number,330,303,432,345
electronic-plates-reviver-02_jpg.rf.9961047c341589ef93facc53e8f55f5e.jpg,640,640,license-plate,198,181,455,634
electronic-plates-reviver-02_jpg.rf.9961047c341589ef93facc53e8f55f5e.jpg,640,640,license-plate-number,245,268,418,535
california36_jpg.rf.9e79e06108579d3fccf15c27bb67058d.jpg,640,640,license-plate,96,59,556,505
california36_jpg.rf.9e79e06108579d3fccf15c27bb67058d.jpg,640,640,license-plate,127,183,498,428
9lncbz9bs9na1_jpg.rf.9d6b91b5561e62b9bd313b91615b2236.jpg,640,640,license-plate,279,323,376,391
9lncbz9bs9na1_jpg.rf.9d6b91b5561e62b9bd313b91615b2236.jpg,640,640,license-plate-number,285,345,370,380
7c31c5da8af3deda98b060646ed8608d_jpg.rf.9d632fa57ab7bf8628eb32df45bfb0b9.jpg,640,640,license-plate,5,3,638,640
7c31c5da8af3deda98b060646ed8608d_jpg.rf.9d632fa57ab7bf8628eb32df45bfb0b9.jpg,640,640,license-plate-number,5,214,620,611
2qwexcctm9oa1_jpg.rf.9e8213e87f73df3deced89f787c4a250.jpg,640,640,license-plate,245,362,371,449
2qwexcctm9oa1_jpg.rf.9e8213e87f73df3deced89f787c4a250.jpg,640,640,license-plate-number,253,379,354,422
0wa1p1qvveoa1_jpg.rf.9d0c5b912127149ec5cc3ec3c737c9c9.jpg,640,640,license-plate,167,368,248,416
0wa1p1qvveoa1_jpg.rf.9d0c5b912127149ec5cc3ec3c737c9c9.jpg,640,640,license-plate-number,177,382,240,406
ithewb2rbxfa1_jpg.rf.9fe94b7f2eb1127ab6b523667e13409e.jpg,640,640,license-plate,258,464,329,523
ithewb2rbxfa1_jpg.rf.9fe94b7f2eb1127ab6b523667e13409e.jpg,640,640,license-plate-number,278,478,327,508
download_jpeg_jpg.rf.9f8ad6e837f26fd6c687495de7ae70ba.jpg,640,640,license-plate,3,0,638,636
download_jpeg_jpg.rf.9f8ad6e837f26fd6c687495de7ae70ba.jpg,640,640,license-plate-number,2,189,625,627
